id,Source,worth BUSD, worthChange millions USD
4656,Technology  ==> Amazon,112,0
1874,Technology  ==> Microsoft,90,0
6703,Finance and Investments  ==> Berkshire Hathaway,84,0
2637,Fashion & Retail  ==> LVMH,72,0
8242,Technology  ==> Facebook,71,0
9133,Fashion & Retail  ==> Zara,70,0
3663,Telecom  ==> telecom,67,0
5909,Diversified  ==> Koch Industries,60,0
9549,Diversified  ==> Koch Industries,60,0
2989,Technology  ==> software,58,0
6660,Media & Entertainment  ==> Bloomberg LP,50,0
3915,Technology  ==> Google,48,0
9455,Technology  ==> Google,47,0
3819,Fashion & Retail  ==> Walmart,46,0
6275,Fashion & Retail  ==> Walmart,46,0
5873,Fashion & Retail  ==> Walmart,46,0
2101,Technology  ==> internet media,45,0
3059,Fashion & Retail  ==> L'Oreal,42,0
9144,"Energy  ==> petrochemicals, oil & gas",40,0
1251,Technology  ==> e-commerce,39,0
8666,Gambling & Casinos  ==> casinos,38,0
3229,Technology  ==> Microsoft,38,0
6437,Diversified  ==> diversified,34,0
9005,Real Estate  ==> real estate,30,0
7716,Real Estate  ==> real estate,30,0
6371,Real Estate  ==> real estate,30,0
7747,Fashion & Retail  ==> supermarkets,29,0
4351,Fashion & Retail  ==> Nike,29,0
3423,Food and Beverage  ==> beer,27,-672
6166,Fashion & Retail  ==> luxury goods,27,0
4928,Automotive  ==> auto parts,25,0
4737,"Automotive  ==> BMW, pharmaceuticals",25,0
6590,Media & Entertainment  ==> media,25,0
8384,"Food and Beverage  ==> candy, pet food",23,0
3403,"Food and Beverage  ==> candy, pet food",23,0
9205,Finance and Investments  ==> banking,23,0
7639,"Food and Beverage  ==> Nutella, chocolates",23,0
3327,Food and Beverage  ==> Red Bull,23,0
5484,Technology  ==> Dell computers,22,0
2851,"Telecom  ==> internet, telecom",22,0
7374,Diversified  ==> diversified,22,0
5531,Automotive  ==> BMW,22,0
4838,Real Estate  ==> real estate,21,0
3757,"Technology  ==> Microsoft, investments",21,0
9982,Fashion & Retail  ==> eyeglasses,21,0
1673,Fashion & Retail  ==> retail,20,0
9015,Finance and Investments  ==> discount brokerage,20,0
1901,"Fashion & Retail  ==> Aldi, Trader Joe's",20,0
2061,Diversified  ==> diversified,20,0
1347,Manufacturing  ==> home appliances,20,0
6109,Gambling & Casinos  ==> casinos,20,0
7585,Finance and Investments  ==> hedge funds,20,0
6716,Diversified  ==> diversified,20,0
2370,Automotive  ==> Tesla Motors,19,0
3034,Diversified  ==> diversified,19,0
4473,Fashion & Retail  ==> fashion retail,19,0
1566,"Metals & Mining  ==> steel, transport",19,0
8869,"Philanthropy/NGO  ==> Apple, Disney",18,0
9514,Technology  ==> software services,18,0
4813,"Metals & Mining  ==> steel, investments",18,0
6066,Diversified  ==> Samsung,18,0
1417,Metals & Mining  ==> steel,18,0
1535,Service  ==> package delivery,18,0
3401,"Energy  ==> gas, chemicals",18,0
2094,"Food and Beverage  ==> drinks, real estate",17,0
9350,Construction & Engineering  ==> construction,17,0
2708,Finance and Investments  ==> hedge funds,17,0
2846,Manufacturing  ==> sensors,17,0
9988,Technology  ==> online games,17,0
6475,"Finance and Investments  ==> banking, tobacco",17,0
8590,Metals & Mining  ==> mining,17,-1
5608,Metals & Mining  ==> mining,17,0
7739,Finance and Investments  ==> investments,16,0
9667,Fashion & Retail  ==> H&M,16,0
7532,"Manufacturing  ==> banking, tobacco",16,0
1466,Real Estate  ==> real estate,16,0
5052,Real Estate  ==> real estate,16,0
8959,Energy  ==> oil,16,0
5547,Manufacturing  ==> chemicals,16,0
4353,Real Estate  ==> real estate,16,0
4204,Metals & Mining  ==> mining,16,0
8403,"Energy  ==> oil, gas",16,0
8929,Finance and Investments  ==> money management,15,0
2455,Metals & Mining  ==> metals,15,0
8484,Fashion & Retail  ==> Walmart,15,0
9053,Food and Beverage  ==> Heineken,15,0
1615,Technology  ==> internet media,15,0
8486,Finance and Investments  ==> banking,15,0
3458,"Energy  ==> coal, fertilizers",15,0
4132,"Real Estate  ==> investments, real estate",15,0
5068,Logistics  ==> shipping,15,0
4971,Automotive  ==> automobiles,15,0
8227,"Energy  ==> oil, banking, telecom",15,0
4966,"Media & Entertainment  ==> newspapers, TV network",15,0
7809,Diversified  ==> diversified,14,0
6672,"Diversified  ==> palm oil, shipping, property",14,0
3917,Food and Beverage  ==> cheese,14,0
6221,Technology  ==> software services,14,0
1963,"Energy  ==> metals, energy",14,0
5944,"Manufacturing  ==> cement, sugar, flour",14,0
9147,Energy  ==> oil & gas,14,0
2290,Finance and Investments  ==> hedge funds,14,0
6385,Technology  ==> Facebook,14,0
7840,Food and Beverage  ==> beer,14,-546
4860,Manufacturing  ==> fasteners,13,0
2044,Media & Entertainment  ==> satellite TV,13,0
4328,Technology  ==> Google,13,0
1871,Finance and Investments  ==> investments,13,0
7162,Media & Entertainment  ==> media,13,0
2712,Media & Entertainment  ==> media,13,0
2499,Fashion & Retail  ==> Chanel,13,0
8238,Fashion & Retail  ==> Chanel,13,0
8408,Fashion & Retail  ==> Estee Lauder,12,0
6707,Construction & Engineering  ==> brakes,12,0
8989,Healthcare  ==> pharmaceuticals,12,0
6331,Technology  ==> software,12,0
3789,Finance and Investments  ==> investments,12,0
3946,Technology  ==> smartphones,12,0
7272,Manufacturing  ==> packaging,12,0
4894,"Metals & Mining  ==> steel, telecom, investments",12,0
8706,Media & Entertainment  ==> media,12,0
9361,Real Estate  ==> real estate,12,0
8343,Finance and Investments  ==> banking,12,0
1061,Technology  ==> internet search,12,0
1020,Food and Beverage  ==> beer,12,-546
2862,Healthcare  ==> biotech,11,0
8526,Diversified  ==> commodities,11,0
6776,Real Estate  ==> real estate,11,0
9597,Fashion & Retail  ==> drugstores,11,-4
8655,Technology  ==> software,11,0
2429,"Metals & Mining  ==> mining, copper products",11,0
4916,"Finance and Investments  ==> banks, real estate",11,0
7872,"Food and Beverage  ==> Oyster sauce, real estate",11,0
9328,Fashion & Retail  ==> home improvement stores,11,0
8529,"Food and Beverage  ==> snacks, beverages",11,0
9399,Technology  ==> security software,11,0
6654,Finance and Investments  ==> video surveillance,11,0
2523,"Fashion & Retail  ==> retail, real estate",11,0
3733,Finance and Investments  ==> hedge funds,11,0
9061,"Diversified  ==> steel, investments",10,0
6733,Technology  ==> e-commerce,10,0
1849,Real Estate  ==> real estate,10,0
3127,Metals & Mining  ==> mining,10,-67
1460,Finance and Investments  ==> banking,10,0
3886,Technology  ==> eBay,10,0
4741,Service  ==> consulting,10,0
2141,Technology  ==> software,10,0
1415,Finance and Investments  ==> investments,10,0
1840,Technology  ==> Facebook,10,0
1196,Real Estate  ==> real estate,10,0
4159,"Finance and Investments  ==> investments, retail",10,0
1927,"Energy  ==> oil, banking, telecom",9,0
1036,Finance and Investments  ==> leveraged buyouts,9,0
4081,"Diversified  ==> commodities, ports",9,0
6039,Service  ==> Carnival Cruises,9,0
1948,Technology  ==> electronics,9,0
9216,Technology  ==> e-commerce,9,0
2626,Healthcare  ==> health care,9,0
7334,Finance and Investments  ==> investments,9,3
9873,Fashion & Retail  ==> retail,9,0
2744,Food and Beverage  ==> beverages,9,0
2800,"Diversified  ==> real estate, shipping",9,9
9577,Finance and Investments  ==> discount brokerage,9,0
7790,Logistics  ==> Shipping,9,0
1798,Manufacturing  ==> plumbing fixtures,9,0
8991,Manufacturing  ==> steel,9,0
5790,Real Estate  ==> real estate,9,0
3832,Finance and Investments  ==> investments,9,0
7167,Diversified  ==> conglomerate,9,0
9766,Technology  ==> WhatsApp,9,0
3771,Healthcare  ==> vaccines,9,0
9168,Technology  ==> software,9,0
7654,Finance and Investments  ==> hedge funds,9,0
8878,Fashion & Retail  ==> luxury goods,8,0
8952,"Healthcare  ==> biotech, investments",8,0
3137,Metals & Mining  ==> steel,8,0
5928,Telecom  ==> telecom,8,0
6619,Media & Entertainment  ==> media,8,0
9326,Media & Entertainment  ==> media,8,0
7957,Media & Entertainment  ==> media,8,0
1819,Technology  ==> electronics,8,0
4195,Technology  ==> Intel,8,0
3389,Diversified  ==> diversified,8,0
6379,"Sports  ==> sports, real estate",8,0
4497,Finance and Investments  ==> investments,8,0
8223,Gambling & Casinos  ==> gambling,8,0
1162,Diversified  ==> conglomerate,8,0
9561,Media & Entertainment  ==> cable television,8,0
7050,"Telecom  ==> internet, telecom",8,0
2432,Diversified  ==> media,8,0
4122,Healthcare  ==> medical devices,8,0
4801,"Media & Entertainment  ==> movies, record labels",8,0
6833,Real Estate  ==> real estate,8,0
5685,Real Estate  ==> real estate,8,0
1960,Finance and Investments  ==> hedge funds,8,0
3835,Finance and Investments  ==> money management,7,0
9384,Healthcare  ==> pharmaceuticals,7,0
1425,Technology  ==> business software,7,0
5837,"Energy  ==> oil & gas, banking",7,0
4252,Healthcare  ==> pharmaceuticals,7,-20
9052,Technology  ==> smartphone screens,7,0
1429,Metals & Mining  ==> diamonds,7,0
8356,Healthcare  ==> pharmaceuticals,7,0
7047,Real Estate  ==> real estate,7,0
9297,"Energy  ==> oil, banking, telecom",7,0
1078,Real Estate  ==> real estate,7,0
5311,Finance and Investments  ==> investments,7,0
8141,Food and Beverage  ==> Cargill,7,0
5538,Diversified  ==> Samsung,7,0
5251,Fashion & Retail  ==> fashion retail,7,0
5575,Finance and Investments  ==> investments,7,0
2367,"Energy  ==> hotels, energy",7,0
9996,"Metals & Mining  ==> mining, metals, machinery",7,0
8768,Healthcare  ==> health care,7,0
8647,Real Estate  ==> real estate,7,0
8926,Fashion & Retail  ==> Walmart,7,0
5267,Automotive  ==> auto parts,7,0
6345,"Telecom  ==> telecoms, media, oil-services",7,0
1365,Energy  ==> oil,7,0
9489,"Diversified  ==> banking, property",7,0
7182,Real Estate  ==> real estate,7,0
1792,Technology  ==> venture capital,7,0
2420,Telecom  ==> telecom,7,0
3984,Food and Beverage  ==> beverages,7,0
5047,Construction & Engineering  ==> Construction,7,0
8957,"Fashion & Retail  ==> retail, media",7,0
3565,Fashion & Retail  ==> cosmetics,7,0
1000,Finance and Investments  ==> financial services,7,0
2999,Logistics  ==> shipping,7,0
9664,Manufacturing  ==> paints,7,0
4538,Manufacturing  ==> polyester,7,0
8520,Real Estate  ==> real estate,7,0
6729,Food and Beverage  ==> packaging,7,0
6411,Fashion & Retail  ==> luxury goods,7,0
5194,Logistics  ==> shipping,7,0
9392,Food and Beverage  ==> wine,7,0
1736,Energy  ==> oil,6,0
2310,Technology  ==> online games,6,0
3687,Fashion & Retail  ==> Zara,6,0
9211,Diversified  ==> diversified,6,0
2477,Finance and Investments  ==> hedge funds,6,0
4138,Real Estate  ==> real estate,6,0
2513,Fashion & Retail  ==> retail,6,0
9346,Fashion & Retail  ==> supermarkets,6,0
2682,Manufacturing  ==> fertilizer,6,0
2938,"Food and Beverage  ==> food, beverages",6,0
5741,Technology  ==> Google,6,0
7350,"Metals & Mining  ==> aluminum, utilities",6,0
9259,Service  ==> diversified,6,0
3130,Finance and Investments  ==> pharmaceuticals,6,0
8146,Technology  ==> WhatsApp,6,0
3454,Finance and Investments  ==> private equity,6,0
1802,Fashion & Retail  ==> Walmart,6,0
5962,Food and Beverage  ==> candy,6,0
7252,Food and Beverage  ==> packaging,6,0
5301,Food and Beverage  ==> packaging,6,0
3282,"Fashion & Retail  ==> retail, real estate",6,0
9681,"Construction & Engineering  ==> construction, chemicals",6,0
6179,Finance and Investments  ==> banking,6,0
2530,Energy  ==> wind turbines,6,0
8426,Finance and Investments  ==> private equity,6,0
8654,Metals & Mining  ==> mining,6,0
5671,Finance and Investments  ==> hedge funds,6,0
2029,Automotive  ==> automobiles,6,0
6119,Real Estate  ==> real estate,6,0
1051,Fashion & Retail  ==> retail,6,0
7857,Media & Entertainment  ==> advertising,6,0
9522,Finance and Investments  ==> investments,6,0
3492,Real Estate  ==> real estate,6,0
8733,Food and Beverage  ==> soy sauce maker,6,0
4133,Finance and Investments  ==> hedge funds,6,0
6553,Real Estate  ==> real estate,6,0
6841,Real Estate  ==> real estate,6,0
8979,Food and Beverage  ==> consumer goods,6,0
6898,Healthcare  ==> optometry,6,0
2427,Finance and Investments  ==> Quicken Loans,6,0
3325,Diversified  ==> diversified,6,0
8516,Automotive  ==> motorcycles,6,0
7067,Real Estate  ==> real estate,6,0
8029,Automotive  ==> auto parts,6,0
6325,Finance and Investments  ==> investments,6,0
9813,Energy  ==> pipelines,6,0
7687,Sports  ==> New England Patriots,6,0
8880,Fashion & Retail  ==> Ralph Lauren,6,-3
8912,Finance and Investments  ==> banking,6,0
2792,Food and Beverage  ==> consumer goods,6,0
4970,Service  ==> food services,6,0
9118,Fashion & Retail  ==> retail,6,-1
7426,Manufacturing  ==> cement,6,0
3834,Technology  ==> Google,6,0
1552,"Fashion & Retail  ==> textiles, apparel",6,0
5792,Food and Beverage  ==> Cargill,6,0
1919,Diversified  ==> diversified,6,0
9482,Automotive  ==> auto parts,6,0
8985,Finance and Investments  ==> banking,6,0
7126,Diversified  ==> diversified,5,4
8907,"Food and Beverage  ==> beer, investments",5,0
1209,Technology  ==> internet service provider,5,0
7407,Real Estate  ==> shopping malls,5,0
4890,Healthcare  ==> pharmaceuticals,5,0
9000,"Food and Beverage  ==> candy, pet food",5,0
7814,"Food and Beverage  ==> candy, pet food",5,0
9826,"Food and Beverage  ==> candy, pet food",5,0
8783,"Food and Beverage  ==> candy, pet food",5,0
5441,"Diversified  ==> media, retail",5,0
9920,Diversified  ==> food and beverage,5,0
7422,Technology  ==> online games,5,0
2218,Fashion & Retail  ==> Walmart,5,0
8994,Real Estate  ==> real estate,5,0
1369,Fashion & Retail  ==> retail & gas stations,5,0
8349,Energy  ==> investments,5,0
3857,"Logistics  ==> construction, mining",5,0
6082,Manufacturing  ==> furniture,5,0
9280,Fashion & Retail  ==> appliance retailer,5,0
8572,Food and Beverage  ==> tequila,5,0
1818,Technology  ==> computer hardware,5,0
4638,Technology  ==> computer hardware,5,0
5522,Manufacturing  ==> heating equipment,5,0
7697,Manufacturing  ==> metalworking tools,5,0
8684,Healthcare  ==> medical devices,5,0
3085,Manufacturing  ==> vacuums,5,0
6638,Fashion & Retail  ==> diamond jewelry,5,0
5836,Technology  ==> semiconductors,5,0
3916,Finance and Investments  ==> money management,5,0
3838,Sports  ==> Dallas Cowboys,5,0
1142,Real Estate  ==> real estate,5,0
5210,Real Estate  ==> Real Estate,5,0
9952,"Manufacturing  ==> palm oil, property",5,0
1102,Real Estate  ==> real estate,5,0
5249,Manufacturing  ==> motors,5,0
9637,Manufacturing  ==> manufacturing,5,0
4689,Media & Entertainment  ==> publishing,5,0
5893,Manufacturing  ==> electronics,5,0
6564,"Metals & Mining  ==> steel, coal",5,0
2975,Service  ==> Carnival Cruises,5,37
1619,Energy  ==> pipelines,5,0
1638,Manufacturing  ==> chemicals,5,0
9716,Manufacturing  ==> chemicals,5,0
5732,Energy  ==> pipelines,5,0
5178,Energy  ==> pipelines,5,0
4863,Construction & Engineering  ==> roofing,5,0
9761,Manufacturing  ==> chemicals,5,0
9156,Fashion & Retail  ==> online retail,5,0
1632,Gambling & Casinos  ==> videogames,5,0
8415,"Real Estate  ==> real estate, finance",5,0
8207,Manufacturing  ==> manufacturing,5,0
7096,Manufacturing  ==> chemicals,5,0
4847,Energy  ==> pipelines,5,0
8475,Service  ==> after-school tutoring,5,0
1427,Metals & Mining  ==> aluminum products,5,0
9557,Food and Beverage  ==> cheese,5,0
9584,Food and Beverage  ==> cheese,5,0
2984,Service  ==> Amway,5,0
7482,Fashion & Retail  ==> coffee,5,0
4954,Fashion & Retail  ==> coffee,5,0
6706,Manufacturing  ==> Lego,5,0
2657,Manufacturing  ==> Lego,5,0
3315,Manufacturing  ==> Lego,5,0
1389,Manufacturing  ==> smartphone screens,5,0
2207,Technology  ==> electronics,5,0
8392,Food and Beverage  ==> commodities,5,0
9122,Finance and Investments  ==> private equity,5,0
8722,Real Estate  ==> real estate,5,0
7588,Manufacturing  ==> Lego,5,0
4914,"Diversified  ==> telecom, oil",5,0
3718,Manufacturing  ==> New Balance,5,0
6363,Technology  ==> Yahoo,5,530
9786,Gambling & Casinos  ==> casinos,5,0
1777,Finance and Investments  ==> private equity,5,0
9204,Food and Beverage  ==> cheese,5,0
4143,"Manufacturing  ==> chemicals, logistics",5,0
4308,"Metals & Mining  ==> steel, mining",5,0
1039,Finance and Investments  ==> hedge funds,5,0
2412,Service  ==> temp agency,5,0
8780,"Food and Beverage  ==> pizza, sports team",5,0
3061,Finance and Investments  ==> hedge funds,5,0
7001,Media & Entertainment  ==> Star Wars,5,0
8267,Media & Entertainment  ==> media,5,0
5789,Media & Entertainment  ==> publishing,5,0
5535,Food and Beverage  ==> frozen foods,5,0
5103,"Automotive  ==> batteries, automobiles",5,0
1176,"Diversified  ==> energy, investments",5,0
7789,"Energy  ==> oil, banking, telecom",5,0
6891,Fashion & Retail  ==> Home Depot,5,0
6047,"Diversified  ==> banking, minerals",5,0
2166,Logistics  ==> FedEx,5,0
5063,Healthcare  ==> medical equipment,5,0
7677,Diversified  ==> Virgin,5,0
8057,Media & Entertainment  ==> media,5,0
3271,Gambling & Casinos  ==> online gambling,5,0
4952,"Media & Entertainment  ==> book distribution, transportation",5,0
5767,Real Estate  ==> real estate,5,0
6408,Finance and Investments  ==> investments,5,0
1474,Manufacturing  ==> appliances,5,0
1276,"Diversified  ==> banking, minerals",5,0
9176,"Diversified  ==> banking, minerals",5,0
6516,"Finance and Investments  ==> banking, minerals",5,0
3863,Healthcare  ==> pharmaceuticals,5,0
2920,"Service  ==> hotels, investments",5,0
8670,Construction & Engineering  ==> cement,5,0
5088,Fashion & Retail  ==> duty-free,5,0
2811,Manufacturing  ==> diapers,5,0
6346,Fashion & Retail  ==> retail,5,0
9327,"Energy  ==> oil, investments",4,0
4021,Technology  ==> business software,4,0
4516,"Construction & Engineering  ==> construction, media",4,0
6746,Automotive  ==> motor vehicles,4,0
7865,Media & Entertainment  ==> cable television,4,0
3445,"Energy  ==> oil, real estate",4,0
4119,Service  ==> agribusiness,4,0
4546,Finance and Investments  ==> hedge funds,4,0
7104,Healthcare  ==> pharmaceuticals,4,0
4886,Logistics  ==> ports,4,0
2312,Media & Entertainment  ==> media,4,0
9713,Metals & Mining  ==> pipe manufacturing,4,0
7250,Healthcare  ==> medical devices,4,0
7511,Finance and Investments  ==> hedge funds,4,0
5745,Metals & Mining  ==> steel,4,0
3732,Finance and Investments  ==> mining,4,0
8713,"Real Estate  ==> real estate, private equity",4,0
7233,Fashion & Retail  ==> fashion retail,4,0
1109,Diversified  ==> diversified,4,0
7090,Technology  ==> Uber,4,0
8045,Food and Beverage  ==> Chick-fil-A,4,0
7885,Food and Beverage  ==> Chick-fil-A,4,0
8286,Technology  ==> surveillance equipment,4,0
4643,Fashion & Retail  ==> fashion retail,4,0
8025,"Energy  ==> oil, real estate",4,0
6718,Finance and Investments  ==> money management,4,0
5397,Technology  ==> Uber,4,0
4757,Metals & Mining  ==> metals,4,0
6976,Fashion & Retail  ==> retail,4,0
9770,Metals & Mining  ==> fertilizer,4,0
4027,Energy  ==> oil & gas,4,0
9456,Gambling & Casinos  ==> online gambling,4,0
2170,Technology  ==> eBay,4,0
8237,Food and Beverage  ==> food,4,0
6127,Finance and Investments  ==> investments,4,0
6930,Finance and Investments  ==> investments,4,0
8164,Finance and Investments  ==> investments,4,0
3394,Manufacturing  ==> auto parts,4,0
8471,Healthcare  ==> hospitals,4,0
2254,Media & Entertainment  ==> record label,4,0
7993,Finance and Investments  ==> hedge funds,4,0
8398,Real Estate  ==> real estate,4,0
3132,Manufacturing  ==> petrochemicals,4,0
1897,Gambling & Casinos  ==> casinos,4,0
7535,Healthcare  ==> medical devices,4,0
5919,"Real Estate  ==> real estate, investments",4,0
5506,Food and Beverage  ==> Cargill,4,0
4713,Food and Beverage  ==> food distribution,4,0
2470,Food and Beverage  ==> food distribution,4,0
8865,Real Estate  ==> real estate,4,0
5017,Real Estate  ==> real estate,4,0
1520,Diversified  ==> diversified,4,0
7777,"Real Estate  ==> real estate, retail",4,0
7673,Food and Beverage  ==> agriculture,4,0
2876,Diversified  ==> biotech,4,0
1286,Real Estate  ==> real estate,4,0
1692,Finance and Investments  ==> investments,4,0
7414,Service  ==> concessions,4,0
7700,Finance and Investments  ==> cryptocurrency,4,0
8338,Manufacturing  ==> paper,4,0
7137,Manufacturing  ==> construction equipment,4,0
8657,Telecom  ==> telecom,4,0
8689,Service  ==> airlines,4,0
6441,Food and Beverage  ==> spirits,4,0
3791,"Telecom  ==> IT, telecom",4,0
4373,Manufacturing  ==> steel,4,0
9083,Manufacturing  ==> fertilizers,4,0
3861,Service  ==> education,4,0
1123,Real Estate  ==> real estate,4,0
3604,Finance and Investments  ==> hedge funds,4,0
1661,Fashion & Retail  ==> retail,4,0
3200,Finance and Investments  ==> banking,4,0
9515,Fashion & Retail  ==> supermarkets,4,0
4221,Technology  ==> software,4,0
5172,Real Estate  ==> real estate,4,0
8354,Healthcare  ==> pharmaceuticals,4,0
1631,Construction & Engineering  ==> construction equipment,4,0
6016,Real Estate  ==> real estate,4,0
5832,Finance and Investments  ==> banking,4,0
1304,Service  ==> hotels,4,0
5914,Metals & Mining  ==> mining,4,0
5214,Gambling & Casinos  ==> gambling,4,0
9848,Service  ==> self storage,4,0
4568,Fashion & Retail  ==> retail,4,0
9576,Fashion & Retail  ==> grocery stores,4,0
3472,Telecom  ==> telecom,4,0
8125,Fashion & Retail  ==> sporting goods retail,4,0
9331,Food and Beverage  ==> dairy,4,0
6897,Fashion & Retail  ==> home furnishings,4,0
9128,Fashion & Retail  ==> consumer goods,4,0
8098,Fashion & Retail  ==> consumer goods,4,0
5812,Fashion & Retail  ==> consumer goods,4,0
8030,Fashion & Retail  ==> consumer goods,4,0
8178,Finance and Investments  ==> private equity,4,0
3112,Food and Beverage  ==> energy drinks,4,0
9606,Fashion & Retail  ==> retail,4,0
5779,Automotive  ==> motorcycles,4,0
8842,Manufacturing  ==> auto parts,4,0
1966,Telecom  ==> telecom,4,0
4752,Fashion & Retail  ==> coffee makers,4,0
2543,"Food and Beverage  ==> Houston Rockets, entertainment",4,0
3899,"Fashion & Retail  ==> retail, real estate",4,0
4171,Energy  ==> natural gas,4,0
2654,Technology  ==> wireless networking gear,4,0
3906,Service  ==> pest control,4,0
3064,Service  ==> pest control,4,0
1614,Food and Beverage  ==> beer,4,0
7672,Food and Beverage  ==> beer,4,0
1255,Diversified  ==> diversified,4,0
2913,Fashion & Retail  ==> retail,4,0
9845,"Sports  ==> staffing, Baltimore Ravens",4,0
2788,Food and Beverage  ==> Cargill,4,0
2542,Food and Beverage  ==> Cargill,4,0
1060,"Manufacturing  ==> timberland, lumber mills",4,0
2558,"Manufacturing  ==> elevators, escalators",4,0
2394,Diversified  ==> diversified,4,0
7080,Fashion & Retail  ==> retail,4,0
7980,Food and Beverage  ==> Cargill,4,0
1150,Technology  ==> Snapchat,4,0
5162,Real Estate  ==> real estate,4,0
2537,"Energy  ==> utilities, telecom",4,0
4044,Finance and Investments  ==> investments,4,0
7103,Energy  ==> natural gas distribution,4,0
2308,Finance and Investments  ==> investments,4,0
9907,Sports  ==> Home Depot,4,0
1882,Diversified  ==> diversified,4,0
9614,Technology  ==> mapping software,4,0
7045,Energy  ==> petrochemicals,4,0
9593,Real Estate  ==> shopping malls,4,0
7966,Fashion & Retail  ==> sunglasses,4,0
4192,Diversified  ==> diversified,4,-19
8963,Real Estate  ==> real estate,4,0
4405,Automotive  ==> motorcycles,4,0
2371,Food and Beverage  ==> candy,4,0
9120,Gambling & Casinos  ==> casinos,4,0
7613,Media & Entertainment  ==> Marvel comics,4,0
5559,"Diversified  ==> computer services, real estate",4,0
8803,Manufacturing  ==> kitchen appliances,4,0
6858,"Finance and Investments  ==> hotels, investments",4,0
8381,Finance and Investments  ==> hedge funds,4,0
4228,Fashion & Retail  ==> fashion,4,0
9194,Real Estate  ==> real estate,4,23
7277,Telecom  ==> mobile phone retailer,4,0
1885,Technology  ==> Snapchat,4,0
2945,Technology  ==> e-commerce,4,0
8955,Energy  ==> pipelines,4,0
4176,Real Estate  ==> real estate,4,0
1145,Real Estate  ==> retail,4,0
3616,Healthcare  ==> medical technology,4,0
4442,Fashion & Retail  ==> furniture retailing,4,0
2376,Technology  ==> Dolby Laboratories,4,0
5308,"Healthcare  ==> pharmaceuticals, medical equipment",4,0
8759,Automotive  ==> Toyota dealerships,4,0
1211,Fashion & Retail  ==> retail,4,0
8537,Real Estate  ==> real estate,4,0
2446,Construction & Engineering  ==> construction,4,0
3011,Fashion & Retail  ==> Estee Lauder,4,0
2399,Fashion & Retail  ==> sporting goods,4,0
1541,Technology  ==> venture capital,4,3
5004,Food and Beverage  ==> food,4,0
3983,Telecom  ==> telecom,4,0
7592,Fashion & Retail  ==> Best Buy,4,0
7795,Healthcare  ==> healthcare,4,0
6612,Real Estate  ==> real estate,4,0
8008,Food and Beverage  ==> food,4,0
4884,Logistics  ==> package delivery,4,0
2713,Metals & Mining  ==> aluminum,4,0
5616,Technology  ==> software,4,0
1340,Diversified  ==> diversified,3,0
9711,Real Estate  ==> real estate,3,0
1576,Finance and Investments  ==> private equity,3,0
6351,Finance and Investments  ==> financial services,3,0
5631,Finance and Investments  ==> coffee,3,0
5725,Finance and Investments  ==> coffee,3,0
5902,Fashion & Retail  ==> retail,3,0
3223,Technology  ==> electronics,3,0
7731,Diversified  ==> diversified,3,0
1596,Construction & Engineering  ==> construction,3,0
5399,"Food and Beverage  ==> agriculture, water",3,0
7963,Real Estate  ==> real estate,3,0
1937,Food and Beverage  ==> agriculture,3,0
6423,Finance and Investments  ==> banking,3,0
7750,Service  ==> aircraft leasing,3,0
1184,Healthcare  ==> dental implants,3,0
9968,Technology  ==> Airbnb,3,0
4234,Media & Entertainment  ==> publishing,3,0
2761,Finance and Investments  ==> insurance,3,0
5173,Technology  ==> Airbnb,3,0
4680,Diversified  ==> investments,3,-71
6780,Technology  ==> Airbnb,3,0
1391,Construction & Engineering  ==> homebuilding,3,0
4022,"Real Estate  ==> real estate, investments",3,0
2801,Manufacturing  ==> chemicals,3,0
3479,Finance and Investments  ==> diversified,3,0
9947,Real Estate  ==> real estate,3,0
8472,"Sports  ==> energy, sports",3,0
4611,Fashion & Retail  ==> shoes,3,0
1199,Real Estate  ==> real estate,3,0
3124,Finance and Investments  ==> investments,3,0
9736,Technology  ==> semiconductors,3,0
4532,Technology  ==> smartphone components,3,0
9712,Diversified  ==> diversified,3,-8
8275,Food and Beverage  ==> beverages,3,0
2764,Media & Entertainment  ==> online media,3,0
4512,Finance and Investments  ==> money management,3,0
1852,Finance and Investments  ==> banking,3,0
5360,Finance and Investments  ==> hedge funds,3,0
7072,Manufacturing  ==> cleaning products,3,0
6034,Manufacturing  ==> cleaning products,3,0
3619,Manufacturing  ==> cleaning products,3,0
4785,Manufacturing  ==> cleaning products,3,0
1402,Manufacturing  ==> cleaning products,3,0
9077,"Manufacturing  ==> fertilizer, real estate",3,0
5704,Construction & Engineering  ==> real estate,3,0
1530,Finance and Investments  ==> finance,3,0
6041,Gambling & Casinos  ==> casinos,3,0
2570,Manufacturing  ==> hair dryers,3,0
4649,Real Estate  ==> real estate,3,0
9248,Finance and Investments  ==> investments,3,0
3907,Finance and Investments  ==> tech investments,3,0
2754,Healthcare  ==> pharmaceuticals,3,0
8740,Healthcare  ==> pharmaceuticals,3,0
2269,Healthcare  ==> pharmaceuticals,3,0
2122,Real Estate  ==> real estate,3,-8
3950,Diversified  ==> diversified,3,0
9565,Fashion & Retail  ==> sports retailing,3,0
8576,Healthcare  ==> pharmaceuticals,3,0
8120,Energy  ==> oil,3,0
1268,Healthcare  ==> vaccine production,3,0
3713,Finance and Investments  ==> money management,3,0
6235,Finance and Investments  ==> money management,3,0
7624,Finance and Investments  ==> investments,3,0
8881,Healthcare  ==> pharmaceuticals,3,0
6367,Manufacturing  ==> manufacturing,3,0
5620,Healthcare  ==> biotech,3,0
3755,"Diversified  ==> drilling, shipping",3,6
3292,Diversified  ==> consumer goods,3,0
6977,Food and Beverage  ==> pig breeding,3,0
2280,Fashion & Retail  ==> fashion retail,3,0
2439,Energy  ==> energy,3,0
4687,Finance and Investments  ==> discount brokerage,3,0
7416,Media & Entertainment  ==> Movies,3,0
9707,Automotive  ==> auto parts,3,0
9911,Logistics  ==> cruise ships,3,0
5703,Healthcare  ==> pharmaceuticals,3,0
7718,Real Estate  ==> real estate,3,0
4260,Real Estate  ==> real estate,3,0
5699,Manufacturing  ==> chemicals,3,0
6614,"Fashion & Retail  ==> fashion retail, investments",3,0
7570,"Fashion & Retail  ==> fashion retail, investments",3,0
6269,"Fashion & Retail  ==> fashion retail, investments",3,0
7928,"Fashion & Retail  ==> fashion retail, investments",3,0
7041,Healthcare  ==> hospitals,3,0
6174,Manufacturing  ==> paints,3,0
6936,Fashion & Retail  ==> retail,3,0
9931,Sports  ==> Formula One,3,0
8337,Technology  ==> health IT,3,0
2579,"Real Estate  ==> real estate, finance",3,0
4562,Finance and Investments  ==> private equity,3,0
9078,Energy  ==> oil,3,0
4571,Construction & Engineering  ==> engineering,3,0
5571,Service  ==> airport,3,0
7991,Finance and Investments  ==> venture capital,3,0
5612,Real Estate  ==> real estate,3,0
6853,Media & Entertainment  ==> movie making,3,0
3794,"Diversified  ==> retail, real estate",3,0
7134,"Service  ==> hotels, investments",3,0
9229,"Finance and Investments  ==> hotels, investments",3,0
8329,"Manufacturing  ==> manufacturing, investments",3,0
8051,"Logistics  ==> shipping, seafood",3,0
3108,"Finance and Investments  ==> banking, real estate",3,0
2944,Real Estate  ==> real estate,3,0
8903,Diversified  ==> diversified,3,0
2588,Diversified  ==> diversified,3,0
7970,Food and Beverage  ==> meat processing,3,0
1887,Energy  ==> energy,3,0
7401,Metals & Mining  ==> metals,3,0
8677,"Construction & Engineering  ==> engineering, construction",3,0
3452,"Construction & Engineering  ==> engineering, construction",3,0
1575,Technology  ==> software,3,0
2512,Construction & Engineering  ==> construction,3,0
9068,Manufacturing  ==> chemicals,3,0
2397,Technology  ==> software,3,0
8682,"Logistics  ==> logistics, real estate",3,0
5758,"Fashion & Retail  ==> gas stations, retail",3,0
4219,Fashion & Retail  ==> retail,3,0
2372,Technology  ==> navigation equipment,3,0
8688,Technology  ==> internet search,3,0
3162,Healthcare  ==> medical devices,3,0
8456,"Logistics  ==> real estate, airport",3,0
8906,Finance and Investments  ==> finance,3,0
2861,Diversified  ==> diversified,3,0
8514,Gambling & Casinos  ==> gambling software,3,3
6313,Telecom  ==> telecom,3,0
3754,"Logistics  ==> real estate, airport",3,0
9135,Diversified  ==> diversified,3,0
9964,Real Estate  ==> real estate,3,0
9265,Construction & Engineering  ==> construction,3,0
4779,"Gambling & Casinos  ==> casinos, hotels",3,0
3773,"Metals & Mining  ==> mining, metals",3,0
9571,"Automotive  ==> auto dealers, investments",3,0
7863,Finance and Investments  ==> hedge funds,3,0
6582,"Energy  ==> oil, investments",3,0
7619,Fashion & Retail  ==> retail,3,0
3471,Healthcare  ==> medical equipment,3,0
9868,"Finance and Investments  ==> insurance, beverages",3,0
7946,"Gambling & Casinos  ==> casinos, property, energy",3,0
1726,Real Estate  ==> real estate,3,0
3016,Manufacturing  ==> paints,3,0
7831,Service  ==> airline,3,0
7760,Technology  ==> LinkedIn,3,0
5037,Media & Entertainment  ==> cable television,3,0
2857,Real Estate  ==> real estate,3,0
4644,"Real Estate  ==> hotels, motels",3,0
5316,Finance and Investments  ==> investments,3,0
7891,Real Estate  ==> real estate,3,0
7968,Finance and Investments  ==> investments,3,0
7902,Manufacturing  ==> aluminum products,3,0
7860,Manufacturing  ==> chemicals,3,0
5565,Food and Beverage  ==> Campbell Soup,3,0
8458,Technology  ==> semiconductors,3,0
1745,Real Estate  ==> real estate,3,0
2925,Healthcare  ==> medical equipment,3,0
5296,Finance and Investments  ==> real estate,3,0
2762,Food and Beverage  ==> flavorings,3,0
4854,Media & Entertainment  ==> media,3,0
1982,Fashion & Retail  ==> luxury goods,3,0
7958,Real Estate  ==> real estate,3,0
8010,Food and Beverage  ==> restaurants,3,0
4887,Technology  ==> software,3,0
1137,Finance and Investments  ==> hedge funds,3,0
3468,"Fashion & Retail  ==> hair products, tequila",3,0
7596,Finance and Investments  ==> investments,3,0
7989,Food and Beverage  ==> beer,3,0
3279,Finance and Investments  ==> finance,3,0
3753,Service  ==> payroll services,3,-4
3608,Construction & Engineering  ==> engineering,3,0
7961,Technology  ==> acoustic components,3,0
7892,Gambling & Casinos  ==> lotteries,3,0
6880,Fashion & Retail  ==> furniture retailing,3,0
8830,Finance and Investments  ==> banking,3,1
4127,Finance and Investments  ==> banking,3,1
1412,"Diversified  ==> banking, shipping",3,0
4774,Finance and Investments  ==> hedge funds,3,0
3913,Automotive  ==> tires,3,0
3742,Energy  ==> energy,3,0
4148,Healthcare  ==> pharmaceuticals,3,0
7007,Manufacturing  ==> prosthetics,3,0
1811,Service  ==> logistics,3,0
1430,Finance and Investments  ==> hedge funds,3,0
5040,Fashion & Retail  ==> luxury goods,3,0
9235,Finance and Investments  ==> private equity,3,0
2493,"Media & Entertainment  ==> TV network, investments",3,2
9516,Finance and Investments  ==> banking,3,0
1297,Fashion & Retail  ==> retail,3,0
5182,"Energy  ==> oil & gas, investments",3,0
3414,Automotive  ==> U-Haul,3,0
7816,Finance and Investments  ==> investments,3,0
2885,Finance and Investments  ==> finance,3,0
8690,Finance and Investments  ==> finance,3,0
5519,Technology  ==> drones,3,0
1049,Technology  ==> eBay,3,-2
9747,"Energy  ==> oil, real estate",3,0
4140,Fashion & Retail  ==> fashion retail,3,0
9178,Healthcare  ==> pharmaceuticals,3,0
3429,Media & Entertainment  ==> online media,3,0
7538,Technology  ==> Twitter,3,0
5570,Real Estate  ==> real estate,3,0
5036,Real Estate  ==> real estate,3,0
7060,Real Estate  ==> real estate,3,0
5156,Real Estate  ==> real estate,3,0
1086,Diversified  ==> pharmacies,3,0
5192,Real Estate  ==> real estate,3,0
4978,Metals & Mining  ==> mining,3,0
2600,Logistics  ==> package delivery,3,0
1438,Gambling & Casinos  ==> gambling,3,0
2689,Food and Beverage  ==> cheese,3,0
8691,Diversified  ==> conglomerate,3,0
9967,Fashion & Retail  ==> retail,3,0
6298,Diversified  ==> airlines,3,0
3056,Diversified  ==> diversified,3,0
7450,Manufacturing  ==> kitchen appliances,3,0
7320,Food and Beverage  ==> Food & Beverage,3,0
4258,"Diversified  ==> construction equipment, media",3,-3
2002,"Real Estate  ==> television, real estate",3,0
9959,Technology  ==> software,3,0
5038,Technology  ==> healthcare services,3,0
5521,Finance and Investments  ==> Investment Management,3,0
8974,Healthcare  ==> pharmaceuticals,3,0
6453,Healthcare  ==> pharmaceuticals,3,0
9543,Sports  ==> New Orleans Saints,3,0
1687,Technology  ==> venture capital,3,0
8998,Energy  ==> oil & gas,3,0
5195,Healthcare  ==> pharmaceuticals,3,0
3343,Finance and Investments  ==> financial services,3,0
1649,Technology  ==> mobile payments,3,0
3241,Manufacturing  ==> lasers,3,0
4061,"Technology  ==> software, investments",3,0
4324,Finance and Investments  ==> Hedge funds,3,0
2825,Logistics  ==> trucking,3,0
9044,Finance and Investments  ==> investments,3,0
9076,"Automotive  ==> automobiles, batteries",3,0
9497,Food and Beverage  ==> tobacco,3,0
4382,Gambling & Casinos  ==> casinos,3,0
5700,Real Estate  ==> real estate,3,0
2346,Healthcare  ==> hospitals,3,0
4180,"Service  ==> hotels, investments",3,0
9503,Diversified  ==> diversified,3,0
8560,"Construction & Engineering  ==> construction, pipes, banking",3,0
7637,Fashion & Retail  ==> online retail,3,0
1733,Food and Beverage  ==> Food & Beverage,3,0
1645,Real Estate  ==> real estate,3,0
6107,Food and Beverage  ==> meat processing,3,0
8698,Real Estate  ==> real estate,3,0
1764,Food and Beverage  ==> AriZona Beverages,3,0
7792,Real Estate  ==> real estate,3,0
7402,Telecom  ==> electronics,3,0
8846,Technology  ==> online payment service,3,0
7152,Food and Beverage  ==> fishing,2,0
3163,Healthcare  ==> pharmaceuticals,2,0
9832,Food and Beverage  ==> beverages,2,0
4371,Technology  ==> electronics,2,0
6152,Diversified  ==> consumer goods,2,0
4620,Fashion & Retail  ==> sports apparel,2,0
3693,"Metals & Mining  ==> copper, education",2,0
1182,Finance and Investments  ==> banking,2,0
3005,Service  ==> employment agency,2,0
6180,Diversified  ==> consumer goods,2,0
7544,Diversified  ==> consumer goods,2,0
3961,Diversified  ==> consumer goods,2,0
3213,Food and Beverage  ==> poultry processing,2,0
2298,Service  ==> consulting,2,0
1529,Healthcare  ==> pharmaceuticals,2,0
5707,Healthcare  ==> pharmaceuticals,2,0
4281,"Finance and Investments  ==> construction, investments",2,0
3131,Real Estate  ==> real estate,2,0
6241,Food and Beverage  ==> bakeries,2,0
7622,Technology  ==> online retail,2,0
4206,Service  ==> travel,2,0
6879,"Finance and Investments  ==> chemicals, investments",2,0
5116,Fashion & Retail  ==> drugstores,2,0
5610,Diversified  ==> consumer goods,2,0
6596,"Finance and Investments  ==> finance, diversified",2,0
7053,Diversified  ==> petrochemicals,2,0
9859,Technology  ==> Facebook,2,0
5891,Technology  ==> business software,2,0
9260,Finance and Investments  ==> hedge funds,2,0
6224,Manufacturing  ==> blinds,2,0
9727,Healthcare  ==> medical equipment,2,0
5165,"Diversified  ==> real estate, construction",2,0
9985,Finance and Investments  ==> finance,2,0
9213,Finance and Investments  ==> electronic trading,2,0
4433,Real Estate  ==> real estate,2,0
9341,Technology  ==> electronics components,2,0
8089,Technology  ==> electronics components,2,0
5813,"Food and Beverage  ==> soft drinks, diversified",2,0
5478,Finance and Investments  ==> private equity,2,0
3858,Finance and Investments  ==> private equity,2,0
7556,Service  ==> staffing & recruiting,2,0
3179,Fashion & Retail  ==> sportswear,2,0
2741,Food and Beverage  ==> Campbell Soup,2,0
1748,Fashion & Retail  ==> Gap,2,0
4196,Fashion & Retail  ==> Gap,2,0
8601,Diversified  ==> conglomerate,2,0
6892,Healthcare  ==> medical products,2,0
4939,Real Estate  ==> real estate,2,0
9320,Finance and Investments  ==> investments,2,0
2273,Healthcare  ==> biotech,2,0
5666,Manufacturing  ==> petrochemicals,2,0
9246,Telecom  ==> telecom,2,0
1993,Diversified  ==> art collection,2,0
7412,Diversified  ==> diversified,2,0
5273,Finance and Investments  ==> investments,2,0
8616,"Finance and Investments  ==> hotels, investments",2,0
2261,Fashion & Retail  ==> Hermes,2,0
8492,Real Estate  ==> real estate,2,0
2651,Finance and Investments  ==> private equity,2,0
1870,"Diversified  ==> online games, investments",2,0
4530,Media & Entertainment  ==> TV broadcasting,2,0
6896,Logistics  ==> shipping,2,0
7460,Finance and Investments  ==> finance,2,0
8158,Food and Beverage  ==> chewing gum,2,0
1571,"Real Estate  ==> real estate, media",2,0
8401,"Construction & Engineering  ==> scaffolding, cement mixers",2,0
2631,Diversified  ==> diversified,2,0
5881,"Diversified  ==> forestry, mining",2,0
2332,"Diversified  ==> hospitals, investments",2,0
4079,"Diversified  ==> art, electronics",2,0
6626,Energy  ==> pipelines,2,0
7518,Real Estate  ==> shopping centers,2,0
1454,Food and Beverage  ==> Campbell Soup,2,0
5115,"Diversified  ==> airports, investments",2,0
1242,Automotive  ==> automobiles,2,0
3290,Manufacturing  ==> manufacturing,2,0
9286,Manufacturing  ==> furniture,2,0
1857,Finance and Investments  ==> auto loans,2,0
6508,Media & Entertainment  ==> Netflix,2,0
3505,Real Estate  ==> real estate,2,0
9833,Sports  ==> Indianapolis Colts,2,0
2390,Technology  ==> online services,2,0
6428,Fashion & Retail  ==> fashion retail,2,0
7225,Diversified  ==> diversified,2,0
8239,Telecom  ==> telecom,2,0
1738,Diversified  ==> diversified,2,0
2822,Technology  ==> web hosting,2,0
4935,"Media & Entertainment  ==> media, real estate",2,0
9525,Service  ==> security services,2,0
6491,"Diversified  ==> casinos, real estate",2,0
1821,Food and Beverage  ==> Starbucks,2,0
5780,Automotive  ==> U-Haul,2,0
6407,Healthcare  ==> dental implants,2,0
4508,Fashion & Retail  ==> fashion investments,2,0
4121,Diversified  ==> diversified,2,0
2024,Finance and Investments  ==> finance,2,0
9395,Fashion & Retail  ==> nutrition and wellness products,2,0
7969,Fashion & Retail  ==> fashion,2,-2
4531,"Real Estate  ==> real estate, plush toys",2,0
6353,Media & Entertainment  ==> TV shows,2,0
3031,Fashion & Retail  ==> Retail,2,0
1139,Real Estate  ==> real estate services,2,0
5543,Finance and Investments  ==> investments,2,0
7817,Diversified  ==> diversified,2,0
8052,Technology  ==> online gaming,2,0
5934,"Media & Entertainment  ==> media, investments",2,0
2453,Finance and Investments  ==> private equity,2,0
8026,"Construction & Engineering  ==> cement, diversified",2,0
6870,Telecom  ==> mobile phones,2,0
4389,Finance and Investments  ==> investments,2,0
2655,Logistics  ==> logistics,2,0
5346,Finance and Investments  ==> investments,2,0
5223,Real Estate  ==> real estate,2,0
6690,Healthcare  ==> pharmaceuticals,2,0
9785,Healthcare  ==> hospitals,2,0
5488,Service  ==> self storage,2,0
6664,Energy  ==> energy generation,2,0
4808,Real Estate  ==> real estate,2,0
4347,Healthcare  ==> pharmaceuticals,2,0
9897,"Diversified  ==> palm oil, property",2,0
4839,Finance and Investments  ==> hedge funds,2,0
1205,Healthcare  ==> laboratory services,2,0
4963,"Metals & Mining  ==> mining, commodities",2,0
5650,Technology  ==> electronics components,2,0
1660,Healthcare  ==> hospitals,2,0
9394,Diversified  ==> diversified,2,0
2702,Technology  ==> Facebook,2,0
9496,Real Estate  ==> real estate,2,0
7498,Finance and Investments  ==> insurance,2,0
7481,Media & Entertainment  ==> Bloomberg LP,2,0
2142,Metals & Mining  ==> steel production,2,0
7441,Real Estate  ==> real estate,2,0
2479,Technology  ==> software,2,0
2869,"Diversified  ==> aluminum, diversified",2,0
4616,Finance and Investments  ==> investment banking,2,0
8499,Service  ==> printing,2,0
6864,Fashion & Retail  ==> shoes,2,0
7542,Energy  ==> oil trading,2,0
2727,"Metals & Mining  ==> mining, banking, hotels",2,0
9519,Fashion & Retail  ==> Lululemon,2,0
8697,Technology  ==> Yahoo,2,118
8264,Technology  ==> touch screens,2,0
1526,Construction & Engineering  ==> construction,2,0
5718,Food and Beverage  ==> Diversified,2,0
2576,"Energy  ==> oil, investments",2,0
7736,"Energy  ==> oil, investments",2,0
1682,Food and Beverage  ==> vodka,2,0
2823,Energy  ==> oil & gas,2,0
1089,Finance and Investments  ==> banking,2,0
6588,"Automotive  ==> art, car dealerships",2,0
8076,Automotive  ==> auto parts,2,0
5855,Manufacturing  ==> auto parts,2,0
3630,Gambling & Casinos  ==> online gambling,2,0
6115,Manufacturing  ==> chemicals,2,0
1842,Finance and Investments  ==> banking,2,0
9657,"Media & Entertainment  ==> circus, live entertainment",2,0
4023,Food and Beverage  ==> spirits,2,0
9025,Finance and Investments  ==> hedge funds,2,0
1353,Finance and Investments  ==> investments,2,0
3808,Fashion & Retail  ==> consumer goods,2,0
4218,Gambling & Casinos  ==> pachinko parlors,2,0
9114,Sports  ==> sports,2,0
5011,Gambling & Casinos  ==> casinos,2,1
5795,Manufacturing  ==> hygiene products,2,0
6900,Diversified  ==> diversified,2,0
1447,Manufacturing  ==> synthetic gloves,2,0
3627,Fashion & Retail  ==> cosmetics,2,0
9089,Fashion & Retail  ==> cosmetics,2,0
2492,Real Estate  ==> real estate,2,0
1437,Fashion & Retail  ==> fashion retailer,2,0
3952,Real Estate  ==> real estate,2,0
9899,Manufacturing  ==> flooring,2,0
3840,Finance and Investments  ==> investment research,2,0
9686,Media & Entertainment  ==> media,2,0
9658,Media & Entertainment  ==> media,2,0
3247,Food and Beverage  ==> investments,2,0
2425,"Metals & Mining  ==> mining, commodities",2,0
4564,"Sports  ==> billboards, Anaheim Angels",2,0
8015,Real Estate  ==> real estate,2,0
9447,Real Estate  ==> WeWork,2,0
6129,Real Estate  ==> real estate,2,0
2410,Real Estate  ==> real estate,2,0
6966,Manufacturing  ==> manufacturing,2,0
4436,Healthcare  ==> pharmaceuticals,2,0
8449,Finance and Investments  ==> hedge funds,2,0
4720,Healthcare  ==> generic drugs,2,0
4888,Finance and Investments  ==> investments,2,0
2392,Service  ==> ticketing service,2,0
2309,Technology  ==> Microsoft,2,0
7590,Finance and Investments  ==> venture capital,2,15
1185,Manufacturing  ==> hygiene products,2,0
8126,Construction & Engineering  ==> construction,2,0
1325,Fashion & Retail  ==> H&M,2,0
8390,"Finance and Investments  ==> Facebook, Palantir",2,0
8508,"Gambling & Casinos  ==> casinos, hotels",2,0
9842,Sports  ==> San Francisco 49ers,2,0
5181,Technology  ==> technology,2,0
1455,Healthcare  ==> pharmaceuticals,2,0
5652,"Real Estate  ==> real estate, investments",2,0
6682,Real Estate  ==> real estate,2,0
2899,Food and Beverage  ==> liquor,2,0
3880,Food and Beverage  ==> Subway sandwich shops,2,0
9010,Finance and Investments  ==> investments,2,0
3871,Real Estate  ==> real estate,2,0
8776,Manufacturing  ==> flavorings,2,0
8913,Fashion & Retail  ==> drugstores,2,0
3788,Food and Beverage  ==> orange juice,2,0
5860,Manufacturing  ==> cement,2,0
1031,Food and Beverage  ==> consumer goods,2,0
7234,Finance and Investments  ==> banking,2,0
2766,Finance and Investments  ==> private equity,2,0
2966,Finance and Investments  ==> banking,2,0
1342,Real Estate  ==> real estate,2,0
8185,Automotive  ==> automobiles,2,0
3143,Finance and Investments  ==> private equity,2,0
7527,Real Estate  ==> real estate,2,0
7056,Real Estate  ==> real estate,2,0
1280,Fashion & Retail  ==> supermarkets,2,0
3057,Finance and Investments  ==> investment,2,0
6518,"Fashion & Retail  ==> tobacco distribution, retail",2,0
8637,Manufacturing  ==> aluminum,2,0
1635,Food and Beverage  ==> retail,2,0
9992,Technology  ==> software,2,0
7895,Finance and Investments  ==> investments,2,0
4163,Media & Entertainment  ==> media,2,0
1076,"Fashion & Retail  ==> Wal-Mart, logistics",2,0
5035,Metals & Mining  ==> mining,2,0
9613,Fashion & Retail  ==> consumer goods,2,0
2595,Fashion & Retail  ==> consumer goods,2,0
4438,Fashion & Retail  ==> consumer goods,2,0
9356,Fashion & Retail  ==> consumer goods,2,0
4770,Fashion & Retail  ==> consumer goods,2,0
5150,Fashion & Retail  ==> consumer goods,2,0
9409,"Service  ==> hotels, investments",2,0
8964,"Finance and Investments  ==> hotels, investments",2,0
1113,Fashion & Retail  ==> retail,2,0
3526,Healthcare  ==> pharmaceuticals,2,0
4750,Diversified  ==> diversified,2,0
9416,Fashion & Retail  ==> consumer goods,2,0
8007,Fashion & Retail  ==> hardware stores,2,0
3166,"Sports  ==> real estate, Los Angeles Chargers",2,0
6416,Healthcare  ==> pharmaceuticals,2,0
3379,Real Estate  ==> real estate,2,0
2295,Automotive  ==> auto repair,2,0
7874,Service  ==> education,2,0
1260,Finance and Investments  ==> private equity,2,0
4264,Fashion & Retail  ==> retail,2,0
4141,Service  ==> education,2,0
5667,Technology  ==> Computer Associates,2,0
8362,Real Estate  ==> real estate,2,0
8171,Healthcare  ==> biotech,2,0
4578,Finance and Investments  ==> finance,2,0
9079,Healthcare  ==> pharmaceuticals,2,0
2715,Logistics  ==> VistaJet,2,0
7428,Healthcare  ==> pharmaceuticals,2,0
7793,Diversified  ==> diversified,2,0
2195,Finance and Investments  ==> investments,2,0
7192,Manufacturing  ==> Detergents,2,0
2423,Fashion & Retail  ==> truck stops,2,0
5379,Healthcare  ==> pharmaceuticals,2,0
7784,Energy  ==> oil,2,0
3152,"Metals & Mining  ==> mining, metals",2,0
3009,Logistics  ==> logistics,2,0
3087,Real Estate  ==> tobacco,2,0
8932,Technology  ==> venture capital,2,0
2364,Finance and Investments  ==> financial services,2,0
7132,Technology  ==> e-commerce,2,0
7480,"Construction & Engineering  ==> construction, real estate",2,0
6123,Finance and Investments  ==> investments,2,0
1355,Finance and Investments  ==> textiles,2,0
6884,"Metals & Mining  ==> mining, metals",2,0
4573,Food and Beverage  ==> pet food,2,0
8483,"Real Estate  ==> real estate, retail",2,0
6814,Finance and Investments  ==> TD Ameritrade,2,0
9220,Fashion & Retail  ==> drugstores,2,0
4805,Diversified  ==> diversified,2,0
8969,Sports  ==> Washington Redskins,2,0
8348,Manufacturing  ==> train cars,2,0
8042,Fashion & Retail  ==> fashion retail,2,0
5039,Food and Beverage  ==> food processing,2,0
5097,Manufacturing  ==> furniture,2,0
8649,Finance and Investments  ==> banking,2,0
3129,"Diversified  ==> petroleum, diversified",2,0
8372,Finance and Investments  ==> money management,2,0
7386,Diversified  ==> Diversified,2,0
7311,Fashion & Retail  ==> Columbia Sportswear,2,0
7533,Food and Beverage  ==> beer,2,0
6642,Real Estate  ==> real estate,2,0
3756,Finance and Investments  ==> hedge fund,2,0
3704,Finance and Investments  ==> finance,2,0
6669,Finance and Investments  ==> private equity,2,0
6519,"Healthcare  ==> hospitals, health care",2,0
7338,Finance and Investments  ==> banking,2,0
6945,"Sports  ==> casinos, mixed martial arts",2,0
8836,"Sports  ==> casinos, mixed martial arts",2,0
3781,"Food and Beverage  ==> Nutella, chocolates",2,0
4660,"Metals & Mining  ==> mining, steel",2,0
3598,Automotive  ==> used cars,2,0
8276,Fashion & Retail  ==> shoes,2,0
8714,Manufacturing  ==> electrical equipment,2,0
9794,Service  ==> cruises,2,0
6310,Service  ==> landscape architecture,2,0
8696,Technology  ==> SAP,2,0
5492,Media & Entertainment  ==> DirecTV,2,0
5827,Diversified  ==> investments,2,0
4158,Diversified  ==> diversified,2,0
7807,Real Estate  ==> real estate,2,0
3744,Diversified  ==> Diversified,2,0
7939,Healthcare  ==> dental products,2,0
7729,Finance and Investments  ==> private equity,2,0
8578,Technology  ==> Groupon,2,0
6762,Finance and Investments  ==> investments,2,0
4475,Technology  ==> optical components,2,0
7142,Real Estate  ==> shopping centers,2,0
6384,Technology  ==> health IT,2,0
9448,Healthcare  ==> drug distribution,2,0
7693,"Finance and Investments  ==> banking, credit cards",2,0
9154,Food and Beverage  ==> beer,2,0
4781,Fashion & Retail  ==> jewelry,2,0
2395,Fashion & Retail  ==> retail,2,0
2639,Real Estate  ==> real estate,2,0
2982,Finance and Investments  ==> banking,2,0
2772,Finance and Investments  ==> finance,2,0
1018,Logistics  ==> shipping,2,0
4547,Media & Entertainment  ==> cable television,2,0
1828,Diversified  ==> diversified,2,0
8543,Real Estate  ==> real estate,2,0
9536,Real Estate  ==> real estate,2,0
5160,Food and Beverage  ==> bakery chain,2,0
2253,Media & Entertainment  ==> entertainment,2,0
3356,Real Estate  ==> real estate,2,0
7317,Fashion & Retail  ==> retail,2,0
5858,Manufacturing  ==> plastics,2,0
7158,Real Estate  ==> Real Estate,2,0
3893,Automotive  ==> automobiles,2,0
8211,Sports  ==> sports team,2,0
6810,"Diversified  ==> forestry, mining",2,0
8588,Food and Beverage  ==> frozen foods,2,0
9821,"Energy  ==> oil, gas",2,0
4645,Finance and Investments  ==> investments,2,0
5243,Food and Beverage  ==> soy sauce,2,0
5668,"Metals & Mining  ==> mining, metals",2,0
9057,Real Estate  ==> hotels,2,0
4723,Fashion & Retail  ==> hair care products,2,0
3113,Media & Entertainment  ==> television,2,0
3647,Real Estate  ==> hotels,2,0
3161,Energy  ==> Getty Oil,2,0
6091,Fashion & Retail  ==> retail stores,2,0
5653,Diversified  ==> diversified,2,0
9425,Finance and Investments  ==> private equity,2,0
9912,Finance and Investments  ==> Investment,2,0
7661,"Real Estate  ==> real estate, investments, logistics",2,0
3536,Real Estate  ==> hotels,2,0
5276,Real Estate  ==> real estate,2,0
1804,Construction & Engineering  ==> construction,2,0
1983,Food and Beverage  ==> soft drinks,2,0
9847,Real Estate  ==> real estate,2,0
5094,Real Estate  ==> real estate,2,0
6769,Food and Beverage  ==> food processing,2,0
1152,Manufacturing  ==> palm oil,2,0
4277,Finance and Investments  ==> accounting services,2,0
4076,Fashion & Retail  ==> drugstores,2,0
6223,Manufacturing  ==> paper & related products,2,0
4010,Healthcare  ==> medical devices,2,0
1712,Food and Beverage  ==> nutrition supplements,2,0
7634,Food and Beverage  ==> drugstores,2,0
9126,Manufacturing  ==> valve manufacturing,2,0
5576,Energy  ==> investments,2,0
5428,Technology  ==> cooking appliances,2,0
3261,Food and Beverage  ==> consumer goods,2,0
5638,Logistics  ==> aircraft leasing,2,0
7387,"Food and Beverage  ==> Dole, real estate",2,0
2871,Technology  ==> software services,2,0
8399,Technology  ==> software,2,0
9008,Real Estate  ==> real estate,2,0
9819,Healthcare  ==> Roche Holding,2,0
8702,Diversified  ==> diversified,2,0
1002,Real Estate  ==> real estate,2,0
4491,Metals & Mining  ==> commodities,2,0
1104,"Manufacturing  ==> manufacturing, investment",2,0
3586,Healthcare  ==> pharmaceuticals,2,0
4657,Finance and Investments  ==> insurance,2,0
1805,"Technology  ==> venture capital, Google",2,0
4367,Fashion & Retail  ==> cosmetics,2,0
8614,Real Estate  ==> real estate,2,0
3720,Real Estate  ==> real estate,2,0
2291,"Finance and Investments  ==> real estate, investments",2,0
7278,Real Estate  ==> real estate,2,0
1381,Manufacturing  ==> furniture,2,0
1222,"Media & Entertainment  ==> TV, movie production",2,0
1917,Technology  ==> business software,2,0
6528,Diversified  ==> conglomerate,2,0
1590,Manufacturing  ==> solar panel materials,2,0
9781,Diversified  ==> diversified,2,0
4807,Food and Beverage  ==> Slim-Fast,2,0
1794,Diversified  ==> pharmaceuticals,2,0
6999,Energy  ==> oil & gas,2,0
8525,Diversified  ==> investments,2,0
9330,"Manufacturing  ==> metals, mining",2,0
1478,Healthcare  ==> medical technology,2,0
7813,Healthcare  ==> medical technology,2,0
2735,Healthcare  ==> medical technology,2,0
9725,"Finance and Investments  ==> supermarkets, investments",2,0
7397,Food and Beverage  ==> consumer goods,2,0
4270,Real Estate  ==> real estate,2,0
8746,"Technology  ==> Netscape, investments",2,0
7524,Energy  ==> coal,2,0
6492,Food and Beverage  ==> Cargill,2,0
5435,Healthcare  ==> pharmaceuticals,2,0
9691,Automotive  ==> auto parts,2,0
4842,Finance and Investments  ==> hedge funds,2,0
4232,Healthcare  ==> pharmaceuticals,2,0
3114,Finance and Investments  ==> insurance,2,0
6854,Food and Beverage  ==> frozen foods,2,0
6097,Finance and Investments  ==> insurance,2,0
2068,Diversified  ==> banking,2,0
3793,Fashion & Retail  ==> consumer goods,2,0
4348,Healthcare  ==> pharmaceuticals,2,0
2759,Automotive  ==> auto distribution,2,0
4598,Healthcare  ==> pharmaceuticals,2,0
7322,Finance and Investments  ==> private equity,2,0
6709,Finance and Investments  ==> hedge funds,2,0
5204,"Service  ==> computer services, tourism",2,0
6373,"Diversified  ==> food products, entertainment",2,0
8082,Construction & Engineering  ==> engineering,2,0
8589,Healthcare  ==> biotech,2,0
5477,Diversified  ==> diversified,2,0
6198,Energy  ==> natural gas distribution,2,0
1845,Sports  ==> Philadelphia Eagles,2,0
1699,Healthcare  ==> pharmaceuticals,2,0
8143,Food and Beverage  ==> Cargill,2,0
5092,Finance and Investments  ==> private equity,2,0
4075,Real Estate  ==> real estate,2,0
2415,Automotive  ==> tractors,2,0
2842,Fashion & Retail  ==> shoes,2,0
7974,"Food and Beverage  ==> agriculture, land",2,0
7003,Real Estate  ==> real estate,2,0
2352,Finance and Investments  ==> private equity,2,0
3107,Construction & Engineering  ==> construction,2,0
6964,Finance and Investments  ==> motorcycle loans,2,0
9021,Finance and Investments  ==> investments,2,0
9635,Automotive  ==> tires,2,0
5969,Diversified  ==> diversified,2,0
5985,Telecom  ==> telecom equipment,2,0
9948,Finance and Investments  ==> finance,2,0
3070,"Manufacturing  ==> steel, autoparts",2,0
9309,Food and Beverage  ==> energy drinks,2,-31
9464,Food and Beverage  ==> energy drinks,2,-18
6623,Finance and Investments  ==> investments,2,0
5681,Food and Beverage  ==> Cargill,2,0
1703,"Real Estate  ==> utilities, real estate",2,0
7198,Fashion & Retail  ==> cosmetics,2,0
5405,Food and Beverage  ==> Cargill,2,0
2590,"Energy  ==> oil & gas, investments",2,0
2131,Manufacturing  ==> hydraulic machinery,2,0
4366,Manufacturing  ==> tires,2,0
4316,Real Estate  ==> real estate,2,0
9036,Healthcare  ==> medical equipment,2,0
6038,Gambling & Casinos  ==> video games,2,0
9458,"Telecom  ==> telecom, investments",2,0
8946,Media & Entertainment  ==> Bloomberg LP,2,0
8725,Healthcare  ==> pharmaceuticals,2,0
8652,Diversified  ==> diversified,1,5
6214,"Diversified  ==> engineering, energy, construction",1,0
9433,Manufacturing  ==> chemicals,1,0
6096,Manufacturing  ==> fasteners,1,0
4301,Fashion & Retail  ==> retail,1,0
2452,Logistics  ==> shipping,1,0
8066,Diversified  ==> diversified,1,0
3481,Healthcare  ==> pharmaceuticals,1,0
1920,Finance and Investments  ==> banking,1,0
5878,Finance and Investments  ==> hedge funds,1,0
4271,Manufacturing  ==> aviation,1,0
7247,Fashion & Retail  ==> fashion retail,1,0
8943,Finance and Investments  ==> investments,1,0
6631,Finance and Investments  ==> investments,1,0
7514,"Real Estate  ==> real estate, education",1,0
3762,Automotive  ==> automotive,1,0
8882,Finance and Investments  ==> banking,1,0
7157,"Manufacturing  ==> vacuums, cleaning products",1,0
9281,Fashion & Retail  ==> fashion retail,1,0
7987,Fashion & Retail  ==> retail,1,0
3759,"Diversified  ==> computer services, tourism",1,0
1021,Metals & Mining  ==> cobalt mining,1,0
1610,Manufacturing  ==> petrochemicals,1,0
3748,Manufacturing  ==> petrochemicals,1,0
6987,Diversified  ==> diversified,1,0
9445,Fashion & Retail  ==> art collection,1,0
4415,"Finance and Investments  ==> metals, banking, fertilizers",1,0
4624,Technology  ==> software services,1,0
9799,Service  ==> education,1,0
9188,Finance and Investments  ==> mutual funds,1,0
6852,"Service  ==> hotels, investments",1,0
6088,Manufacturing  ==> hand tools,1,0
5796,Finance and Investments  ==> investments,1,0
6244,Diversified  ==> processed milk,1,0
2686,Fashion & Retail  ==> sports apparel,1,307
3699,Fashion & Retail  ==> winter jackets,1,0
8317,Real Estate  ==> real estate,1,0
3591,Finance and Investments  ==> investments,1,0
8413,Technology  ==> software,1,0
9631,Manufacturing  ==> petrochemicals,1,0
1072,Fashion & Retail  ==> drugstores,1,0
8376,Metals & Mining  ==> steel smelting,1,0
8254,Technology  ==> Twitter,1,0
7029,Food and Beverage  ==> fish farming,1,0
4478,Fashion & Retail  ==> footwear,1,0
1483,Diversified  ==> fertilizer,1,0
4852,Finance and Investments  ==> investments,1,0
9860,Technology  ==> software,1,0
2980,"Fashion & Retail  ==> retail, investments",1,0
7973,Energy  ==> batteries,1,0
6962,Diversified  ==> valves,1,0
5495,Fashion & Retail  ==> supermarket,1,0
5314,Diversified  ==> investments,1,0
4295,Real Estate  ==> real estate,1,0
9909,"Manufacturing  ==> vacuums, home cleaning products",1,0
7391,Fashion & Retail  ==> real estate,1,0
3796,Real Estate  ==> real estate,1,0
9397,Healthcare  ==> pharmaceuticals,1,0
1776,"Metals & Mining  ==> mining, commodities",1,0
2337,Finance and Investments  ==> investments,1,0
6480,Energy  ==> oil,1,0
3516,Finance and Investments  ==> banking,1,0
9778,Healthcare  ==> medical technology,1,0
4502,Healthcare  ==> medical technology,1,0
7765,Healthcare  ==> medical technology,1,0
5958,Food and Beverage  ==> consumer goods,1,0
3530,Finance and Investments  ==> asset management,1,0
1814,Manufacturing  ==> chemicals,1,0
8942,Manufacturing  ==> paper manufacturing,1,0
5810,"Manufacturing  ==> shipbuilding, industrial machines",1,0
6617,Food and Beverage  ==> fast food,1,0
8749,Manufacturing  ==> electric components,1,0
1683,Manufacturing  ==> shipbuilding,1,0
4240,Fashion & Retail  ==> shoes,1,0
4464,"Diversified  ==> energy, chemicals",1,0
7537,Energy  ==> oil & gas,1,-1
6653,Service  ==> hotels,1,0
2005,Construction & Engineering  ==> construction,1,0
4650,"Sports  ==> Nascar, racing",1,0
4332,Technology  ==> software services,1,0
3233,Finance and Investments  ==> finance,1,0
1498,Finance and Investments  ==> Berkshire Hathaway,1,0
2048,Real Estate  ==> real estate,1,0
5170,Finance and Investments  ==> investments,1,0
7725,Healthcare  ==> healthcare,1,0
9889,Fashion & Retail  ==> Estee Lauder,1,0
9539,Healthcare  ==> pharmaceuticals,1,0
5317,Healthcare  ==> medical devices,1,-2
9007,Technology  ==> software,1,0
9378,Energy  ==> oil & gas,1,0
4678,"Service  ==> hotels, investments",1,0
3035,Media & Entertainment  ==> movie theaters,1,0
3413,Finance and Investments  ==> finance,1,0
9934,Service  ==> Comcast,1,0
2175,Healthcare  ==> pharmaceuticals,1,0
3344,Finance and Investments  ==> finance,1,0
5876,Finance and Investments  ==> investments,1,0
3546,Technology  ==> software,1,0
5048,Service  ==> hotels,1,0
5229,Automotive  ==> auto parts,1,0
6368,Automotive  ==> auto parts,1,0
5462,Manufacturing  ==> metals. coal,1,0
2129,Automotive  ==> automotive,1,0
2130,Food and Beverage  ==> greek yogurt,1,0
7425,Manufacturing  ==> building materials,1,0
2632,Healthcare  ==> pharmaceuticals,1,0
5228,Healthcare  ==> medical devices,1,0
8440,Real Estate  ==> real estate,1,0
4596,Food and Beverage  ==> beverages,1,0
8133,Real Estate  ==> real estate,1,0
6763,Real Estate  ==> real estate,1,0
4350,Finance and Investments  ==> investment banking,1,0
1959,Finance and Investments  ==> security,1,3
7591,"Finance and Investments  ==> banking, development",1,0
5551,Media & Entertainment  ==> TV broadcasting,1,0
8121,Diversified  ==> diversified,1,0
1769,Real Estate  ==> real estate,1,0
4802,Metals & Mining  ==> mining,1,0
2087,Automotive  ==> auto parts,1,0
2293,Healthcare  ==> medical technology,1,0
3888,Fashion & Retail  ==> luxury goods,1,0
6151,Fashion & Retail  ==> luxury goods,1,0
8284,Logistics  ==> package delivery,1,0
6203,Technology  ==> eletronics,1,0
1807,Healthcare  ==> pharmaceuticals,1,0
5253,Food and Beverage  ==> meat processing,1,0
6992,Gambling & Casinos  ==> casinos,1,0
2128,Fashion & Retail  ==> fashion retail,1,0
6008,Fashion & Retail  ==> luxury goods,1,0
1806,Technology  ==> messaging app,1,0
6732,Manufacturing  ==> chemicals,1,0
2804,Service  ==> Gap,1,0
4589,Fashion & Retail  ==> Gap,1,0
9333,Fashion & Retail  ==> luxury goods,1,0
3128,Finance and Investments  ==> insurance,1,0
2912,Technology  ==> information technology,1,0
9732,Real Estate  ==> real estate,1,0
4576,"Diversified  ==> tourism, construction",1,0
9530,Healthcare  ==> pharmaceuticals,1,0
7288,Fashion & Retail  ==> retail,1,0
5312,"Energy  ==> oil & gas, investments",1,0
9791,Real Estate  ==> real estate,1,0
2239,Energy  ==> coal,1,0
9989,Manufacturing  ==> chemicals,1,0
7437,Automotive  ==> auto parts,1,0
7554,Metals & Mining  ==> coal,1,0
1138,Diversified  ==> diversified,1,0
7059,"Energy  ==> oil, investments",1,0
8506,Diversified  ==> manufacturing,1,0
6955,Finance and Investments  ==> hedge funds,1,0
1595,Manufacturing  ==> machine tools,1,0
2228,Manufacturing  ==> machine tools,1,0
3639,Manufacturing  ==> construction equipment,1,0
6567,Real Estate  ==> real estate,1,0
8393,Energy  ==> oil trading,1,0
4968,Manufacturing  ==> paper manufacturing,1,0
6504,Manufacturing  ==> LED lighting,1,0
6418,"Food and Beverage  ==> coffee, shipping",1,0
1878,Automotive  ==> automobiles,1,0
6210,Food and Beverage  ==> consumer goods,1,0
2765,Telecom  ==> telecom,1,0
1398,Real Estate  ==> WeWork,1,0
3769,Sports  ==> wrestling,1,0
9930,Manufacturing  ==> manufacturing,1,0
3849,Healthcare  ==> medical patents,1,0
1338,Energy  ==> oil refinery,1,0
3334,Diversified  ==> diversified,1,0
9676,Logistics  ==> Transportation,1,0
1413,Finance and Investments  ==> Berkshire Hathaway,1,0
5370,Finance and Investments  ==> investment,1,0
7643,Real Estate  ==> real estate,1,0
3549,Diversified  ==> diversified,1,0
3726,Real Estate  ==> real estate,1,0
3461,Manufacturing  ==> sneakers,1,0
1457,Finance and Investments  ==> investments,1,0
5533,Automotive  ==> cars,1,0
6727,Real Estate  ==> real estate,1,0
5910,Technology  ==> financial information,1,0
1992,Diversified  ==> diversified,1,0
9621,Metals & Mining  ==> steel,1,0
2109,Service  ==> financial technology,1,0
3094,"Metals & Mining  ==> gold, coal mining",1,0
7678,Finance and Investments  ==> hedge funds,1,0
3201,Real Estate  ==> investments,1,0
8800,Fashion & Retail  ==> pet food,1,0
8838,"Logistics  ==> transport, engineering, real estate",1,0
6192,Media & Entertainment  ==> online media,1,0
1569,Real Estate  ==> real estate,1,0
8767,Manufacturing  ==> electrical equipment,1,0
3322,Real Estate  ==> real estate,1,0
4621,Healthcare  ==> medical equipment,1,0
4513,"Diversified  ==> food, art",1,0
2605,Logistics  ==> logistics,1,0
4565,Technology  ==> internet security,1,0
9877,Fashion & Retail  ==> consumer goods,1,0
9995,"Fashion & Retail  ==> retail, investments",1,0
9591,"Diversified  ==> hotels, diversified",1,-5
8542,Manufacturing  ==> hearing aids,1,0
2504,Finance and Investments  ==> hedge funds,1,0
2064,Manufacturing  ==> air coolers,1,0
3153,"Finance and Investments  ==> banking, insurance",1,0
5246,Finance and Investments  ==> insurance,1,0
6399,Technology  ==> business software,1,0
7572,Finance and Investments  ==> hedge funds,1,0
7147,"Diversified  ==> real estate, manufacturing",1,0
2779,Finance and Investments  ==> mutual funds,1,0
9599,Technology  ==> photo sharing app,1,0
7990,"Diversified  ==> energy, banking, construction",1,0
5259,Fashion & Retail  ==> retail,1,0
8299,Logistics  ==> package delivery,1,0
2887,Finance and Investments  ==> finance,1,0
6888,Diversified  ==> diversified,1,0
1588,Technology  ==> online retail,1,0
6007,Fashion & Retail  ==> retail,1,0
1424,Finance and Investments  ==> electronic trading,1,0
9828,Energy  ==> oil services,1,0
8434,Finance and Investments  ==> private equity,1,0
2921,Energy  ==> oil refining,1,0
5460,Finance and Investments  ==> money management,1,0
1858,Technology  ==> e-commerce,1,0
5672,Fashion & Retail  ==> consumer goods,1,0
9788,Food and Beverage  ==> salsa,1,0
2407,Service  ==> EasyJet,1,0
1528,"Manufacturing  ==> elevators, escalators",1,0
3584,Finance and Investments  ==> hedge funds,1,0
3044,Finance and Investments  ==> money management,1,0
4289,"Sports  ==> Charlotte Hornets, endorsements",1,0
3084,Technology  ==> social network,1,0
4203,Gambling & Casinos  ==> online games,1,0
7210,Finance and Investments  ==> Sears,1,0
9018,Fashion & Retail  ==> department stores,1,0
3786,Technology  ==> IT provider,1,0
7653,Healthcare  ==> pharmaceuticals,1,0
5733,Healthcare  ==> pharmaceuticals,1,0
5331,"Diversified  ==> steel, diversified",1,0
9151,Food and Beverage  ==> agribusiness,1,0
8425,Fashion & Retail  ==> fashion,1,0
2464,"Diversified  ==> real estate, oil, cars, sports",1,0
7689,Energy  ==> oil refinery,1,0
5157,Logistics  ==> transportation,1,0
3666,Service  ==> fine jewelry,1,0
8033,Technology  ==> software,1,0
2026,Manufacturing  ==> appliances,1,0
9940,Finance and Investments  ==> investments,1,0
1399,Fashion & Retail  ==> H&M,1,0
3774,Fashion & Retail  ==> H&M,1,0
1098,Metals & Mining  ==> steel pipes,1,0
8787,Manufacturing  ==> chemicals,1,0
6791,Finance and Investments  ==> finance,1,0
6675,Technology  ==> Facebook,1,0
1633,Technology  ==> online retail,1,0
5059,Healthcare  ==> Pharmaceuticals,1,0
9866,Technology  ==> Pinterest,1,0
9113,Fashion & Retail  ==> H&M,1,0
4635,Finance and Investments  ==> hedge funds,1,0
2062,"Energy  ==> oil, fertilizers",1,0
3159,Telecom  ==> telecoms,1,0
4466,Manufacturing  ==> chemicals,1,0
2958,Technology  ==> lighting,1,0
8885,Food and Beverage  ==> Campbell Soup,1,0
4042,"Food and Beverage  ==> food, beverages",1,0
6575,"Food and Beverage  ==> food, beverages",1,0
4342,"Food and Beverage  ==> food, beverages",1,0
2534,"Food and Beverage  ==> food, beverages",1,0
7909,Technology  ==> software,1,0
2422,Manufacturing  ==> electronics,1,0
6323,Fashion & Retail  ==> retail,1,0
4384,Automotive  ==> auto parts,1,0
5292,Real Estate  ==> real estate,1,0
7279,"Diversified  ==> internet, auto parts",1,0
2693,Finance and Investments  ==> banking,1,0
7139,"Diversified  ==> real estate, retail",1,0
6280,Healthcare  ==> health clinics,1,0
9086,Metals & Mining  ==> mining,1,0
1880,Fashion & Retail  ==> fashion retail,1,0
9016,"Diversified  ==> apparel, real estate",1,0
6939,Manufacturing  ==> polyester,1,0
7513,Finance and Investments  ==> investments,1,0
8163,"Diversified  ==> hospitals, investments",1,0
6726,Energy  ==> oil,1,0
6173,Fashion & Retail  ==> shoes,1,0
5310,Fashion & Retail  ==> shoes,1,0
9189,Fashion & Retail  ==> shoes,1,0
4592,Fashion & Retail  ==> jewelry,1,0
7855,Technology  ==> online dating,1,0
2193,Food and Beverage  ==> Publix supermarkets,1,0
3607,Diversified  ==> diversified,1,0
1518,"Diversified  ==> mining, banking",1,0
4175,Diversified  ==> diversified,1,0
9655,Healthcare  ==> pharmaceuticals,1,0
5208,Telecom  ==> communications equipment,1,0
8700,Media & Entertainment  ==> publishing,1,0
5081,Diversified  ==> diversified,1,0
1027,Diversified  ==> investments,1,0
8110,Diversified  ==> investments,1,0
7229,"Diversified  ==> pharmaceuticals, diversified",1,0
2214,"Diversified  ==> pharmaceuticals, diversified",1,0
1705,Automotive  ==> Ford Motor,1,0
1133,Media & Entertainment  ==> video games,1,0
9590,Fashion & Retail  ==> beauty products,1,0
8555,"Construction & Engineering  ==> construction, investments",1,3
5705,Fashion & Retail  ==> Urban Outfitters,1,0
4572,"Manufacturing  ==> elevators, escalators",1,0
4949,Real Estate  ==> real estate,1,0
8433,Real Estate  ==> real estate,1,0
4895,Media & Entertainment  ==> amusement parks,1,0
8104,Logistics  ==> logistics,1,0
2737,"Finance and Investments  ==> insurance, investments",1,-3
4676,Manufacturing  ==> auto parts,1,0
7829,Real Estate  ==> transportation,1,0
6592,Food and Beverage  ==> food,1,0
7316,Finance and Investments  ==> investments,1,0
4383,Real Estate  ==> real estate,1,0
5348,Food and Beverage  ==> agriculture,1,0
7438,Fashion & Retail  ==> cosmetics,1,0
7325,Manufacturing  ==> glass,1,0
1435,Manufacturing  ==> manufacturing,1,0
1187,Technology  ==> online games,1,0
6185,Automotive  ==> automobiles,1,0
6801,Healthcare  ==> pharmaceuticals,1,0
8781,Manufacturing  ==> chemicals,1,0
1883,Fashion & Retail  ==> supermarkets,1,0
9492,Real Estate  ==> real estate,1,0
3955,Energy  ==> coal,1,0
9862,Real Estate  ==> real estate,1,0
4803,Fashion & Retail  ==> apparel retailer,1,0
5800,Finance and Investments  ==> art,1,0
6950,Finance and Investments  ==> investments,1,0
1938,Diversified  ==> diversified,1,0
8569,Real Estate  ==> real estate,1,0
3637,Manufacturing  ==> aerospace,1,0
2038,Manufacturing  ==> aerospace,1,0
6487,Real Estate  ==> shopping malls,1,0
7576,Technology  ==> online games,1,0
6390,Fashion & Retail  ==> Under Armour,1,0
1886,"Service  ==> hotels, investments",1,0
5131,Healthcare  ==> pharmaceuticals,1,0
3376,Diversified  ==> processed milk,1,0
6848,Food and Beverage  ==> beverages,1,0
6136,Finance and Investments  ==> hedge funds,1,0
9652,"Media & Entertainment  ==> media, tech",1,0
4035,Finance and Investments  ==> money management,1,0
8937,Media & Entertainment  ==> publishing,1,0
1721,Fashion & Retail  ==> cosmetics,1,0
9208,Food and Beverage  ==> alcohol,1,0
7433,Manufacturing  ==> agrochemicals,1,0
5634,Automotive  ==> auto parts,1,0
5350,Technology  ==> Instagram,1,0
6806,"Manufacturing  ==> textiles, electronics",1,0
3496,Food and Beverage  ==> packaged foods,1,0
6023,Finance and Investments  ==> online lending,1,0
3439,Logistics  ==> logistics,1,0
5986,"Diversified  ==> insurance, NFL team",1,0
8107,Service  ==> outsourcing,1,0
9308,Manufacturing  ==> manufacturing,1,0
4868,Healthcare  ==> healthcare,1,0
1308,Real Estate  ==> real estate,1,0
2995,Media & Entertainment  ==> search engine,1,0
4385,Media & Entertainment  ==> publishing,1,0
7859,Real Estate  ==> real estate,1,0
2858,Real Estate  ==> real estate,1,0
5585,Energy  ==> energy services,1,0
3661,Real Estate  ==> real estate,1,0
6587,Fashion & Retail  ==> apparel,1,0
6904,"Diversified  ==> oil, banking",1,0
5916,Fashion & Retail  ==> e-commerce,1,0
9665,Construction & Engineering  ==> engineering,1,0
5509,Energy  ==> investments,1,0
4300,Finance and Investments  ==> investments,1,0
4559,Diversified  ==> diversified,1,0
7202,Diversified  ==> diversified,1,0
1225,Diversified  ==> investments,1,0
4482,Diversified  ==> investments,1,0
6963,Metals & Mining  ==> real estate,1,0
2250,Healthcare  ==> pharmaceuticals,1,0
7208,Fashion & Retail  ==> retailing,1,0
8561,Manufacturing  ==> graphite electrodes,1,0
3749,Automotive  ==> car dealerships,1,0
1644,Food and Beverage  ==> dairy,1,0
2097,Service  ==> educational services,1,0
4045,Real Estate  ==> real estate,1,0
4224,Logistics  ==> package delivery,1,0
8154,Technology  ==> online games,1,0
4942,Diversified  ==> property,1,0
7575,"Technology  ==> computer services, telecom",1,0
6708,Technology  ==> software,1,0
6433,Real Estate  ==> real estate,1,0
4200,Fashion & Retail  ==> retail,1,0
7019,Real Estate  ==> real estate,1,0
6366,Finance and Investments  ==> investments,1,0
4190,Energy  ==> power,1,0
6723,Construction & Engineering  ==> construction,1,0
6778,Technology  ==> software services,1,0
3345,Healthcare  ==> vaccines,1,0
8594,Manufacturing  ==> leisure craft,1,0
5190,Finance and Investments  ==> hedge funds,1,0
2536,Construction & Engineering  ==> real estate,1,0
9589,"Metals & Mining  ==> commodities, investments",1,0
5321,Logistics  ==> trading company,1,0
5994,Fashion & Retail  ==> sourcing,1,0
4864,Media & Entertainment  ==> cable television,1,0
7574,Manufacturing  ==> textiles,1,0
5553,Service  ==> EasyJet,1,0
9894,Diversified  ==> diversified,1,0
2888,Finance and Investments  ==> investments,1,0
7423,Metals & Mining  ==> mining,1,0
9872,Real Estate  ==> real estate,1,0
8568,"Food and Beverage  ==> bakeries, fast food",1,0
3782,Finance and Investments  ==> insurance,1,0
3498,Food and Beverage  ==> coffee chain,1,-3
8087,Fashion & Retail  ==> jewelry,1,0
7148,Finance and Investments  ==> investment banking,1,0
9573,Technology  ==> software,1,0
5330,Healthcare  ==> pharmaceuticals,1,0
4883,Manufacturing  ==> investments,1,0
3802,"Finance and Investments  ==> banking, insurance, media",1,0
8055,Technology  ==> video games,1,0
6050,Technology  ==> retail,1,0
9545,Healthcare  ==> medical products,1,0
1866,Automotive  ==> auto dealerships,1,0
6633,Manufacturing  ==> lithium,1,0
5236,Technology  ==> Manufacturing,1,0
9404,Metals & Mining  ==> investments,1,0
4549,Fashion & Retail  ==> fashion retail,1,0
7614,"Media & Entertainment  ==> cable TV, investments",1,0
2968,Diversified  ==> diversified,1,0
8807,Telecom  ==> telecom,1,0
2808,"Fashion & Retail  ==> real estate, retail",1,0
8034,Manufacturing  ==> power equipment,1,0
4734,Technology  ==> software services,1,0
1121,Finance and Investments  ==> investments,1,0
9429,"Energy  ==> sugar, ethanol",1,0
5801,Real Estate  ==> real estate,1,0
8221,Media & Entertainment  ==> computer games,1,0
1591,"Metals & Mining  ==> steel pipes, diversified",1,0
6694,Fashion & Retail  ==> luxury goods,1,0
6142,Fashion & Retail  ==> luxury goods,1,0
9223,Healthcare  ==> health care,1,0
8075,Sports  ==> sports teams,1,0
4542,Fashion & Retail  ==> supermarkets,1,0
7706,Real Estate  ==> real estate,1,0
8515,Technology  ==> robotics,1,0
9427,Energy  ==> petrochemicals,1,0
8645,Fashion & Retail  ==> retail,1,0
8047,"Energy  ==> oil & gas, investments",1,0
7091,Real Estate  ==> hotels,1,0
8140,Manufacturing  ==> palm oil,1,0
6715,Service  ==> education,1,4
5152,Healthcare  ==> pharmaceuticals,1,0
3944,Manufacturing  ==> toys,1,0
7938,Real Estate  ==> real estate,1,0
7150,Metals & Mining  ==> steel,1,0
7190,Telecom  ==> telecom,1,0
6825,Metals & Mining  ==> steel,1,0
9966,Automotive  ==> auto parts,1,0
7932,Telecom  ==> telecom services,1,0
1367,Diversified  ==> conglomerate,1,0
9435,Energy  ==> natural gas,1,0
5859,Energy  ==> natural gas,1,0
8079,Finance and Investments  ==> finance,1,0
6788,Technology  ==> software,1,0
7878,Manufacturing  ==> metal processing,1,0
8360,Food and Beverage  ==> beer,1,0
8707,"Finance and Investments  ==> precious metals, real estate",1,0
4167,Technology  ==> online games,1,0
3853,Manufacturing  ==> electronic components,1,0
2202,Food and Beverage  ==> wine,1,0
6554,Finance and Investments  ==> cryptocurrency,1,0
1401,Manufacturing  ==> chemicals,1,0
3869,Manufacturing  ==> conglomerate,1,0
5408,Healthcare  ==> pharmaceuticals,1,0
4242,Diversified  ==> diversified,1,0
7751,Gambling & Casinos  ==> betting machines,1,0
3597,Media & Entertainment  ==> television,1,0
5968,Manufacturing  ==> chemicals,1,0
4904,Finance and Investments  ==> venture capital,1,0
6975,Finance and Investments  ==> banking,1,0
2186,Food and Beverage  ==> consumer goods,1,0
1761,Technology  ==> AOL,1,0
8802,Real Estate  ==> property,1,0
1197,Technology  ==> electronics,1,0
8743,Healthcare  ==> pharmaceuticals,1,0
4992,Real Estate  ==> real estate,1,0
5104,"Food and Beverage  ==> food, drinks",1,0
1394,Fashion & Retail  ==> fashion,1,0
5917,Service  ==> Xerox,1,0
3353,Fashion & Retail  ==> shoes,1,0
2473,Finance and Investments  ==> banking,1,0
8368,Telecom  ==> mobile phones,1,0
4129,Finance and Investments  ==> money management,1,0
7021,"Media & Entertainment  ==> TV shows, movies",1,0
3346,Service  ==> education,1,0
5382,Manufacturing  ==> power tools,1,0
1696,Manufacturing  ==> industrial lasers,1,0
8905,Fashion & Retail  ==> Nordstrom department stores,1,0
9056,Service  ==> EasyJet,1,0
9640,Metals & Mining  ==> trust fund,1,0
5183,Manufacturing  ==> toys,1,0
9578,"Construction & Engineering  ==> construction, investments",1,0
2018,"Construction & Engineering  ==> construction, investments",1,0
6868,Real Estate  ==> real estate,1,0
6556,Finance and Investments  ==> hedge funds,1,0
8022,Diversified  ==> chemicals,1,0
7657,Technology  ==> semiconductors,1,0
9469,Technology  ==> semiconductors,1,0
7366,Service  ==> industrial equipment,1,0
8347,Finance and Investments  ==> banking,1,0
1563,Technology  ==> software firm,1,0
6500,Finance and Investments  ==> diversified,1,0
5694,Healthcare  ==> pharmaceuticals,1,0
9885,Fashion & Retail  ==> retail,1,0
8188,Finance and Investments  ==> financial services,1,0
8611,Manufacturing  ==> electronics,1,0
4255,"Energy  ==> oil, banking, telecom",1,0
5883,Diversified  ==> diversified,1,0
9512,Fashion & Retail  ==> retail,1,0
6291,Energy  ==> natural gas,1,0
1178,Manufacturing  ==> chemicals,1,0
8766,Energy  ==> gas,1,0
5489,Manufacturing  ==> solar panel components,1,0
7472,"Fashion & Retail  ==> footwear, apparel",1,0
9646,Diversified  ==> investments,1,0
1186,Fashion & Retail  ==> pharmacies,1,0
7331,Construction & Engineering  ==> construction,1,0
1352,Technology  ==> drones,1,0
6359,Food and Beverage  ==> Cargill,1,0
8157,Food and Beverage  ==> Cargill,1,0
8796,Food and Beverage  ==> Cargill,1,0
9322,Food and Beverage  ==> Cargill,1,0
5851,Diversified  ==> investments,1,0
4915,Technology  ==> Craigslist,1,0
4398,Fashion & Retail  ==> Nordstrom department stores,1,0
1969,Media & Entertainment  ==> media,1,0
7972,Construction & Engineering  ==> toll roads,1,0
9961,Finance and Investments  ==> mutual funds,1,0
7227,Finance and Investments  ==> mutual funds,1,0
5404,Healthcare  ==> pharmaceuticals,1,0
4891,Manufacturing  ==> toys,1,0
9717,Metals & Mining  ==> trust fund,1,0
8813,Metals & Mining  ==> trust fund,1,0
3255,"Manufacturing  ==> fertilizer, real estate",1,0
3301,Finance and Investments  ==> banking,1,0
8640,Diversified  ==> diversified,1,0
5313,Technology  ==> information technology,1,0
4088,Healthcare  ==> pharmaceuticals,1,-29
5100,Manufacturing  ==> chemicals,1,0
5391,Manufacturing  ==> engineering,1,0
7188,Manufacturing  ==> diversified,1,0
2020,Technology  ==> online apparel retail,1,0
9825,Fashion & Retail  ==> retail,1,0
6935,Real Estate  ==> real estate,1,0
1125,Logistics  ==> shipping,1,0
9273,Technology  ==> lighting,1,0
3214,Real Estate  ==> real estate,1,0
6714,Fashion & Retail  ==> supermarkets,1,0
3426,Construction & Engineering  ==> Construction,1,0
5843,Real Estate  ==> real estate,1,0
8608,Finance and Investments  ==> diversified,1,0
3477,Metals & Mining  ==> steel,1,0
2158,Metals & Mining  ==> steel,1,0
9835,"Manufacturing  ==> steel, heavy industry",1,0
1648,Technology  ==> semiconductors,1,0
1855,Metals & Mining  ==> coal mines,1,0
2300,Technology  ==> technology,1,0
1550,Food and Beverage  ==> food,1,0
9844,Automotive  ==> auto distribution,1,0
5828,Food and Beverage  ==> food sweeteners,1,0
6815,Metals & Mining  ==> trust fund,1,0
4945,Service  ==> wastewater treatment,1,0
3932,Real Estate  ==> real estate services,1,0
3523,Real Estate  ==> real estate,1,0
9270,Manufacturing  ==> packaging,1,0
4848,Technology  ==> software,1,0
8884,Service  ==> education,1,0
8493,Food and Beverage  ==> brewery,1,0
7719,"Manufacturing  ==> chemicals, spandex",1,0
1706,Real Estate  ==> real estate,1,0
4732,Manufacturing  ==> glass,1,0
3837,Fashion & Retail  ==> costume jewelry,1,0
2865,Diversified  ==> diversified,1,0
8956,Real Estate  ==> real estate,1,0
9759,Technology  ==> IT products,1,0
6698,Manufacturing  ==> electrical equipment,1,0
9879,Finance and Investments  ==> investments,1,0
8566,Diversified  ==> diversified,1,1
5149,Diversified  ==> diversified,1,1
8320,Fashion & Retail  ==> fashion retail,1,0
6523,Finance and Investments  ==> venture capital investing,1,0
7782,Metals & Mining  ==> Steel,1,0
3727,Finance and Investments  ==> money management,1,0
6919,Finance and Investments  ==> commodities,1,0
5807,"Construction & Engineering  ==> investments, real estate",1,0
8252,Fashion & Retail  ==> cosmetics,1,0
2636,Fashion & Retail  ==> supermarkets,1,0
5977,"Diversified  ==> banking, oil",1,6
6907,"Fashion & Retail  ==> retail, agribusiness",1,0
6305,"Diversified  ==> banking, investments",1,0
7779,Finance and Investments  ==> money management,1,0
3285,Food and Beverage  ==> consumer goods,1,0
2776,Media & Entertainment  ==> animation,1,0
6262,Energy  ==> wind power generation,1,0
4051,Service  ==> ride-hailing service,1,0
1392,Diversified  ==> diversified,1,0
6138,Manufacturing  ==> manufacturing,1,0
6432,Manufacturing  ==> electrical equipment,1,0
2875,Real Estate  ==> real estate,1,0
1868,Food and Beverage  ==> Coca-Cola,1,0
3176,Fashion & Retail  ==> clothing retail,1,0
1376,Construction & Engineering  ==> construction,1,0
3833,"Logistics  ==> transport, logistics",1,0
2430,Healthcare  ==> hearing aids,1,0
7378,Real Estate  ==> office real estate,1,0
5809,Finance and Investments  ==> insurance,1,0
2955,Manufacturing  ==> home appliances,1,0
8271,Telecom  ==> investments,1,0
9414,Automotive  ==> auto loans,1,0
1797,Metals & Mining  ==> mining,1,0
1701,Manufacturing  ==> manufacturing,1,0
9003,Food and Beverage  ==> poultry,1,0
2248,Metals & Mining  ==> mining,1,0
9413,Healthcare  ==> drug testing,1,0
8981,Technology  ==> uber,1,0
4100,Manufacturing  ==> consumer electronics,1,0
1058,Finance and Investments  ==> banking,1,0
8893,Healthcare  ==> medical devices,1,0
1462,Food and Beverage  ==> bakeries,1,0
1740,Fashion & Retail  ==> convenience stores,1,0
9002,Diversified  ==> diversified,1,0
9595,Metals & Mining  ==> minerals,1,0
4016,Real Estate  ==> storage facilities,1,0
5987,"Energy  ==> gas, petrochemicals",1,0
7890,Finance and Investments  ==> finance,1,0
5923,Manufacturing  ==> home & office products,1,0
6757,Real Estate  ==> real estate,1,0
6458,Real Estate  ==> real estate,1,0
6573,Energy  ==> oil & gas,1,0
9222,Fashion & Retail  ==> electronics retailer,1,0
9372,Real Estate  ==> real estate,1,0
1567,Manufacturing  ==> building materials,1,0
5020,Finance and Investments  ==> Financial Services,1,0
6834,Logistics  ==> package delivery,1,0
8923,Media & Entertainment  ==> Cirque du Soleil,1,0
8762,Technology  ==> Internet,1,0
1918,Finance and Investments  ==> mutual funds,1,0
4459,Service  ==> education,1,0
7478,Manufacturing  ==> electronics,1,0
2200,Fashion & Retail  ==> apparel,1,0
1372,Food and Beverage  ==> soy sauce maker,1,0
1173,Manufacturing  ==> rubber gloves,1,0
1932,Energy  ==> gas,1,0
7468,"Diversified  ==> copper, poultry",1,0
8479,Service  ==> sewage treatment,1,0
4052,Real Estate  ==> real estate,1,0
9249,"Real Estate  ==> real estate, hotels",1,0
1156,Technology  ==> e-commerce,1,0
5164,Diversified  ==> energy,1,0
9408,"Energy  ==> port, gas",1,0
1799,Construction & Engineering  ==> toll roads,1,0
4286,Telecom  ==> telecom,1,0
2535,"Automotive  ==> basketball, car dealers",1,0
7088,Construction & Engineering  ==> construction materials,1,-17
8764,Real Estate  ==> real estate,1,0
2067,Food and Beverage  ==> restaurants,1,0
8080,"Real Estate  ==> construction, real estate",1,0
3662,Manufacturing  ==> electronics,1,0
2197,Automotive  ==> automotive,1,0
2003,Finance and Investments  ==> investments,1,0
1756,Energy  ==> oil & gas,1,-18
4487,"Construction & Engineering  ==> construction, pipes, chemicals",1,0
7683,Manufacturing  ==> building materials,1,0
3456,Healthcare  ==> pharmaceuticals,1,0
2649,Real Estate  ==> real estate,1,0
4495,"Energy  ==> refinery, chemicals",1,0
2152,"Energy  ==> refinery, chemicals",1,0
2285,"Diversified  ==> tires, chemicals",1,0
3291,Metals & Mining  ==> titanium,1,0
5867,Technology  ==> software services,1,0
5215,Fashion & Retail  ==> retail,1,0
4439,Finance and Investments  ==> investments,1,0
3862,Healthcare  ==> pharmaceuticals,1,0
8083,Healthcare  ==> pharmaceuticals,1,0
1459,"Real Estate  ==> airports, real estate",1,0
8571,Food and Beverage  ==> In-N-Out Burger,1,0
6058,Healthcare  ==> medical devices,1,0
1379,Fashion & Retail  ==> consumer goods,1,0
2125,Technology  ==> social network,1,0
3048,Construction & Engineering  ==> construction,1,0
5619,Food and Beverage  ==> restaurants,1,0
6286,Technology  ==> measuring instruments,1,0
2972,"Finance and Investments  ==> banking, insurance",1,0
8735,Real Estate  ==> Real estate,1,0
6488,"Fashion & Retail  ==> food, retail",1,0
9648,Media & Entertainment  ==> movies,1,0
9014,Real Estate  ==> real estate,1,0
6525,Diversified  ==> airline,1,0
5470,Service  ==> airline,1,0
5562,"Manufacturing  ==> natural gas, fertilizers",1,0
8123,Finance and Investments  ==> money management,1,0
5169,Energy  ==> energy services,1,0
8363,Healthcare  ==> pharmaceuticals,1,0
3313,Healthcare  ==> pharmaceuticals,1,0
9393,Service  ==> driving schools,1,0
5624,Automotive  ==> auto parts,1,0
5144,Manufacturing  ==> Agribusiness,1,0
5904,Healthcare  ==> pharmacy,1,0
2203,Service  ==> private schools,1,0
7169,Real Estate  ==> real estate,1,0
2167,Logistics  ==> Shipping,1,0
4920,Manufacturing  ==> paper & related products,1,0
5774,Manufacturing  ==> precision machinery,1,0
2990,Real Estate  ==> real estate,1,0
2930,Fashion & Retail  ==> retail,1,0
8546,Real Estate  ==> real estate,1,0
3518,Manufacturing  ==> auto parts,1,0
3245,Real Estate  ==> real estate,1,0
8418,Finance and Investments  ==> hedge funds,1,0
3558,Logistics  ==> chemicals,1,0
3047,Construction & Engineering  ==> construction,1,0
6790,Diversified  ==> diversified,1,0
6629,Healthcare  ==> pharmaceuticals,1,0
4317,Healthcare  ==> hospitals,1,0
7203,Food and Beverage  ==> Barilla pasta,1,0
4615,Food and Beverage  ==> Barilla pasta,1,0
2685,Food and Beverage  ==> Barilla pasta,1,0
9693,Food and Beverage  ==> Barilla pasta,1,0
4315,"Energy  ==> banking, gas",1,0
6925,Finance and Investments  ==> insurance,1,0
5770,Fashion & Retail  ==> retail,1,0
7822,Gambling & Casinos  ==> pachinko machines,1,0
1536,Technology  ==> electronic components,1,0
4655,Technology  ==> electronic components,1,0
9849,Finance and Investments  ==> banking,1,0
4331,"Real Estate  ==> construction, real estate",1,0
7979,Technology  ==> electronics components,1,0
2294,Manufacturing  ==> polyester,1,0
5136,Diversified  ==> industrial machinery,1,0
5124,Diversified  ==> diversified,1,0
7721,Diversified  ==> diversified,1,0
7843,Diversified  ==> diversified,1,0
7664,Media & Entertainment  ==> media,1,0
3069,"Diversified  ==> finance, real estate",1,0
3243,Gambling & Casinos  ==> gambling,1,0
8864,Metals & Mining  ==> coal,1,0
4335,Technology  ==> IT consulting,1,0
4580,Finance and Investments  ==> hedge funds,1,0
6170,Real Estate  ==> real estate,1,0
3841,"Logistics  ==> ports, railway transport",1,0
5357,Fashion & Retail  ==> Reebok,1,0
4658,Finance and Investments  ==> investments,1,0
5465,"Diversified  ==> real estate, diversified",1,0
5887,Fashion & Retail  ==> mattresses,1,0
6557,Technology  ==> file hosting service,1,0
1057,Energy  ==> storage batteries,1,0
6332,Real Estate  ==> real estate,1,0
7577,Telecom  ==> communications,1,0
6737,Automotive  ==> tires,1,0
8630,Manufacturing  ==> electric linear systems,1,0
9110,Finance and Investments  ==> auto loans,1,0
8711,Finance and Investments  ==> IKEA,1,0
3593,Finance and Investments  ==> IKEA,1,0
2118,Finance and Investments  ==> IKEA,1,0
2313,Finance and Investments  ==> banking,1,0
9757,Finance and Investments  ==> investments,1,0
8736,Diversified  ==> banking,1,0
4522,"Real Estate  ==> real estate, hotels",1,0
8495,"Technology  ==> electronics, household products",1,0
3656,Real Estate  ==> real estate,1,0
4515,Manufacturing  ==> toys,1,0
9720,Manufacturing  ==> scientific equipment,1,0
9675,Technology  ==> online games,1,0
5368,Technology  ==> investments,1,0
3141,"Finance and Investments  ==> banking, credit cards",1,0
5863,Finance and Investments  ==> banking,1,0
5468,"Finance and Investments  ==> banking, credit cards",1,0
6293,Technology  ==> live streaming service,1,0
7883,Healthcare  ==> pharmaceuticals,1,0
6978,Manufacturing  ==> construction materials,1,0
6060,Manufacturing  ==> manufacturing,1,0
3105,Manufacturing  ==> conglomerate,1,0
3459,Real Estate  ==> real estate,1,0
7832,Food and Beverage  ==> wine,1,0
7982,Manufacturing  ==> powdered metal,1,0
8920,Service  ==> industrial parks,1,0
8814,Diversified  ==> conglomerate,1,0
6811,Technology  ==> e-commerce,1,0
2113,Energy  ==> energy investments,1,0
9037,Healthcare  ==> pharmaceuticals,1,-1
7444,Healthcare  ==> laboratory services,1,0
6772,Healthcare  ==> pharmaceuticals,1,0
2084,"Logistics  ==> ports, railway transport",1,0
4223,"Logistics  ==> ports, railway transport",1,0
8947,Technology  ==> price comparison website,1,0
7571,Service  ==> Ryanair,1,0
6797,Finance and Investments  ==> investments,1,10
9245,Diversified  ==> diversified,1,0
7960,Finance and Investments  ==> investments,1,0
5753,Fashion & Retail  ==> retail,1,0
1406,Media & Entertainment  ==> casinos,1,0
4470,Fashion & Retail  ==> wedding dresses,1,0
3052,Media & Entertainment  ==> tourism,1,0
1729,Technology  ==> e-commerce,1,0
9190,Finance and Investments  ==> investments,1,0
6339,Fashion & Retail  ==> consumer goods,1,0
9638,"Diversified  ==> construction, real estate",1,0
3175,Real Estate  ==> entertainment,1,0
4557,Finance and Investments  ==> venture capital investing,1,0
7144,Technology  ==> tech investments,1,0
3388,Technology  ==> tech investments,1,0
9319,Technology  ==> tech investments,1,0
7296,Finance and Investments  ==> venture capital,1,0
1015,"Diversified  ==> refinery, chemicals",1,0
4216,Fashion & Retail  ==> retail,1,0
7082,Service  ==> staffing,1,0
7951,Healthcare  ==> healthcare,1,0
3422,Finance and Investments  ==> finance and investments,1,0
6312,Finance and Investments  ==> finance,1,0
4083,Finance and Investments  ==> investments,1,0
1611,"Energy  ==> refinery, chemicals",1,0
4341,Finance and Investments  ==> banking,1,0
8114,Media & Entertainment  ==> gaming,1,0
9187,Media & Entertainment  ==> media,1,0
7746,Diversified  ==> diversified,1,0
6161,"Diversified  ==> timber, media",1,0
9082,"Diversified  ==> insurance, NFL team",1,0
3951,Diversified  ==> insurance,1,0
2350,Technology  ==> software,1,0
4125,Energy  ==> oil and gas,1,0
8168,Telecom  ==> telecom,1,0
1419,Manufacturing  ==> fertilizers,1,0
4630,Automotive  ==> auto parts,1,0
6421,Service  ==> budget airline,1,0
3566,Service  ==> sewage treatment,1,0
9071,Fashion & Retail  ==> health products,1,0
6600,Automotive  ==> automobiles,1,0
7723,Technology  ==> drones,1,0
2437,Technology  ==> online marketplace,1,0
1708,Diversified  ==> diversified,1,0
9432,"Diversified  ==> real estate, shipbuilding",1,0
7099,"Diversified  ==> real estate, finance",1,0
7184,Fashion & Retail  ==> jewelry,1,0
9237,Finance and Investments  ==> financial services,1,0
7774,Healthcare  ==> generic drugs,1,0
7446,Fashion & Retail  ==> Spanx,1,0
4535,Telecom  ==> telecom,1,0
9226,Manufacturing  ==> air compressors,1,0
7870,Technology  ==> semiconductors,1,0
5952,"Real Estate  ==> real estate, electronics",1,0
2318,Real Estate  ==> real estate,1,0
8564,Manufacturing  ==> tire manufacturing,1,0
5344,Fashion & Retail  ==> Patagonia,1,0
8950,Metals & Mining  ==> metallurgy,1,0
2719,"Finance and Investments  ==> Real Estate, Private Equity",1,0
3766,Technology  ==> Stripe,1,0
4114,Technology  ==> Stripe,1,0
3488,Food and Beverage  ==> beef processing,1,0
2299,"Automotive  ==> motorhomes, RVs",1,0
7244,Media & Entertainment  ==> internet media,1,0
1317,Construction & Engineering  ==> construction materials,1,0
7674,"Food and Beverage  ==> candy, real estate",1,0
5058,Automotive  ==> automotive technology,1,0
8063,Manufacturing  ==> power supply manufacturer,1,0
7933,Fashion & Retail  ==> real estate,1,0
5444,Real Estate  ==> real estate,1,0
5056,Manufacturing  ==> packaging,1,0
6683,Technology  ==> printed circuit boards,1,0
8693,Gambling & Casinos  ==> pachinko machines,1,0
9284,Manufacturing  ==> auto components,1,0
3634,Healthcare  ==> pharmaceuticals,1,0
5959,Technology  ==> printed circuit boards,1,0
6678,Finance and Investments  ==> investment management,1,0
5989,Technology  ==> software,1,0
6171,Manufacturing  ==> antennas,1,0
4640,Technology  ==> mobile gaming,1,0
8847,Finance and Investments  ==> Investment,1,0
4603,"Diversified  ==> banking, investments",1,0
9582,Technology  ==> electronics/household products,1,0
3232,Metals & Mining  ==> metallurgy,1,0
2013,Finance and Investments  ==> cement,1,0
5786,Sports  ==> sports teams,1,0
3045,Metals & Mining  ==> diamonds,1,0
5573,Manufacturing  ==> appliances,1,0
2366,Finance and Investments  ==> Investment Management,1,0
8442,"Real Estate  ==> logistics, real estate",1,0
3632,"Diversified  ==> textiles, energy",1,0
3550,Technology  ==> lithium batteries,1,0
1130,Real Estate  ==> real estate,1,0
5022,Diversified  ==> diversified,1,0
8826,Finance and Investments  ==> Bloomberg LP,1,0
7170,Real Estate  ==> real estate,1,0
9983,Manufacturing  ==> paper,1,0
7102,Manufacturing  ==> paper,1,0
1480,Fashion & Retail  ==> retail,1,0
4311,Finance and Investments  ==> investments,1,0
9279,Automotive  ==> auto parts,1,0
6178,Manufacturing  ==> heating equipment,1,0
6878,Metals & Mining  ==> steel,1,0
7743,Automotive  ==> auto import and dealerships,1,0
5979,Fashion & Retail  ==> jewelry,1,0
7896,Fashion & Retail  ==> dollar stores,1,0
1825,Manufacturing  ==> biotech,1,-5
8817,Real Estate  ==> real estate,1,0
1307,Food and Beverage  ==> energy drinks,1,0
6843,Technology  ==> Pinterest,1,0
8259,Service  ==> security services,1,0
3436,Real Estate  ==> real estate,1,0
4999,"Metals & Mining  ==> mining, diamonds, real estate",1,0
4291,Media & Entertainment  ==> advertising,1,0
5579,Technology  ==> electronics components,1,0
8246,Real Estate  ==> real estate,1,0
9463,Real Estate  ==> home building,1,0
5003,"Diversified  ==> telecom, lotteries, insurance",1,0
8970,Finance and Investments  ==> investments,1,0
6094,Manufacturing  ==> chemicals,1,0
7908,Technology  ==> fiber optic cables,1,0
9508,"Finance and Investments  ==> insurance, investments",1,0
9742,Finance and Investments  ==> Citigroup,1,0
8496,Food and Beverage  ==> agribusiness,1,0
9721,Manufacturing  ==> manufacturing,1,0
5502,Technology  ==> apparel,1,0
1174,Diversified  ==> air conditioning,1,0
1711,"Fashion & Retail  ==> fashion, entertainment",1,0
3538,Manufacturing  ==> electrical equipment,1,0
7797,Manufacturing  ==> electrical equipment,1,0
3123,Manufacturing  ==> printed circuit boards,1,0
7030,Diversified  ==> diversified,1,0
