id,name,position
4656,jeff bezos,1
1874,bill gates,2
6703,warren buffett,3
2637,bernard arnault,4
8242,mark zuckerberg,5
9133,amancio ortega,6
3663,carlos slim helu,7
5909,charles koch,8
9549,david koch,9
2989,larry ellison,10
6660,michael bloomberg,11
3915,larry page,12
9455,sergey brin,13
3819,jim walton,14
6275,s. robson walton,15
5873,alice walton,16
2101,ma huateng,17
3059,francoise bettencourt meyers,18
9144,mukesh ambani,19
1251,jack ma,20
8666,sheldon adelson,21
3229,steve ballmer,22
6437,li ka-shing,23
9005,hui ka yan,24
7716,lee shau kee,25
6371,wang jianlin,26
7747,beate heister & karl albrecht jr.,27
4351,phil knight,28
3423,jorge paulo lemann,29
6166,francois pinault,30
4928,georg schaeffler,31
4737,susanne klatten,32
6590,david thomson,33
8384,jacqueline mars,34
3403,john mars,35
9205,joseph safra,36
7639,giovanni ferrero,37
3327,dietrich mateschitz,38
5484,michael dell,39
2851,masayoshi son,40
7374,serge dassault,41
5531,stefan quandt,42
4838,yang huiyan,43
3757,paul allen,44
9982,leonardo del vecchio,45
1673,dieter schwarz,46
9015,thomas peterffy,47
1901,"theo albrecht, jr.",48
2061,len blavatnik,49
1347,he xiangjian,50
6109,lui che woo,51
7585,james simons,52
6716,henry sy,53
2370,elon musk,54
3034,hinduja family,55
4473,tadashi yanai,56
1566,vladimir lisin,57
8869,laurene powell jobs,58
9514,azim premji,59
4813,alexey mordashov,60
6066,lee kun-hee,61
1417,lakshmi mittal,62
1535,wang wei,63
3401,leonid mikhelson,64
2094,charoen sirivadhanabhakdi,65
9350,pallonji mistry,66
2708,ray dalio,67
2846,takemitsu takizaki,68
9988,william ding,69
6475,r. budi hartono,70
8590,gina rinehart,71
5608,german larrea mota velasco,72
7739,carl icahn,73
9667,stefan persson,74
7532,michael hartono,75
1466,joseph lau,76
5052,thomas & raymond kwok,77
8959,vagit alekperov,78
5547,james ratcliffe,79
4353,donald bren,80
4204,iris fontbona,81
8403,gennady timchenko,82
8929,abigail johnson,83
2455,vladimir potanin,84
8484,lukas walton,85
9053,charlene de carvalho-heineken,86
1615,zhang zhidong,87
8486,petr kellner,88
3458,andrey melnichenko,89
4132,david & simon reuben,90
5068,klaus-michael kuehne,91
4971,li shufu,92
8227,mikhail fridman,93
4966,rupert murdoch,94
7809,dhanin chearavanont,95
6672,robert kuok,96
3917,emmanuel besnier,97
6221,shiv nadar,98
1963,viktor vekselberg,99
5944,aliko dangote,100
9147,harold hamm,101
2290,steve cohen,102
6385,dustin moskovitz,103
7840,marcel herrmann telles,104
4860,reinhold wuerth,105
2044,charles ergen,106
4328,eric schmidt,107
1871,philip anschutz,108
7162,jim kennedy,109
2712,blair parry-okeden,110
2499,alain wertheimer,111
8238,gerard wertheimer,112
8408,leonard lauder,113
6707,heinz hermann thiele,114
8989,dilip shanghvi,115
6331,hasso plattner,116
3789,stephen schwarzman,117
3946,lei jun,118
7272,hans rausing,119
4894,alisher usmanov,120
8706,donald newhouse,121
9361,peter woo,122
8343,luis carlos sarmiento,123
1061,robin li,124
1020,carlos alberto sicupira,125
2862,seo jung-jin,126
8526,kumar birla,127
6776,alexander otto,128
9597,stefano pessina,129
8655,udo & harald tschira,130
2429,wang wenyin,131
4916,andrew beal,132
7872,lee man tat,133
9328,"john menard, jr.",134
8529,xu shihui,135
9399,zhou hongyi,136
6654,gong hongjia,137
2523,michael otto,138
3733,david tepper,139
9061,roman abramovich,140
6733,liu qiangdong,141
1849,robert & philip ng,142
3127,alberto bailleres gonzalez,143
1460,uday kotak,144
3886,pierre omidyar,145
4741,walter p.j. droege,146
2141,dietmar hopp,147
1415,graeme hart,148
1840,eduardo saverin,149
1196,yan zhi,150
4159,radhakishan damani,151
1927,german khan,152
1036,ronald perelman,153
4081,gautam adani,154
6039,micky arison,155
1948,pan zhengmin,156
9216,joseph tsai,157
2626,"thomas frist, jr.",158
7334,mikhail prokhorov,159
9873,galen weston,160
2744,zong qinghou,161
2800,eyal ofer,162
9577,charles schwab,163
7790,gianluigi & rafaela aponte,164
1798,"herbert kohler, jr.",165
8991,viktor rashnikov,166
5790,harry triguboff,167
3832,august von finck,168
7167,yao zhenhua,169
9766,jan koum,170
3771,cyrus poonawalla,171
9168,james goodnight,172
7654,ken griffin,173
8878,giorgio armani,174
8952,ernesto bertarelli,175
3137,savitri jindal,176
5928,sunil mittal,177
6619,james chambers,178
9326,katharine rayner,179
7957,margaretta taylor,180
1819,terry gou,181
4195,gordon moore,182
3389,james irving,183
6379,stanley kroenke,184
4497,melker schorling,185
8223,johann graf,186
1162,guo guangchang,187
9561,john malone,188
7050,xavier niel,189
2432,silvio berlusconi,190
4122,carl cook,191
4801,david geffen,192
6833,hui wing mau,193
5685,walter kwok,194
1960,george soros,195
3835,"edward johnson, iii.",196
9384,massimiliana landini aleotti,197
1425,david duffield,198
5837,george kaiser,199
4252,patrick soon-shiong,200
9052,zhou qunfei,201
1429,nicky oppenheimer,202
8356,sun piaoyang,203
7047,wu yajun,204
9297,alexei kuzmichev,205
1078,stephen ross,206
5311,vincent bollore,207
8141,pauline macmillan keinath,208
5538,jay y. lee,209
5251,anders holch povlsen,210
5575,eli broad,211
2367,michael kadoorie,212
9996,iskander makhmudov,213
8768,frederik paulsen,214
8647,sun hongbin,215
8926,christy walton,216
5267,shahid khan,217
6345,ananda krishnan,218
1365,carrie perrodo,219
9489,quek leng chan,220
7182,wang wenxue,221
1792,john doerr,222
2420,patrick drahi,223
3984,eva gonda de rivera,224
5047,willi & isolde liebherr,225
8957,ricardo salinas pliego,226
3565,suh kyung-bae,227
1000,pollyanna chu,228
2999,john fredriksen,229
9664,goh cheng liang,230
4538,sri prakash lohia,231
8520,lu zhiqiang,232
6729,jorn rausing,233
6411,johann rupert,234
5194,jacques saade,235
9392,wu shaoxun,236
1736,leonid fedun,237
2310,kim jung-ju,238
3687,sandra ortega mera,239
9211,jim pattison,240
2477,michael platt,241
4138,chan laiwa,242
2513,david green,243
9346,hank & doug meijer,244
2682,dmitry rybolovlev,245
2938,tsai eng-meng,246
5741,andreas von bechtolsheim,247
7350,oleg deripaska,248
9259,liu yongxing,249
3130,ludwig merckle,250
8146,brian acton,251
3454,john grayken,252
1802,ann walton kroenke,253
5962,augusto & giorgio perfetti,254
7252,finn rausing,255
5301,kirsten rausing,256
3282,odd reitan,257
9681,nassef sawiris,258
6179,wee cho yaw,259
2530,aloys wobben,260
8426,leon black,261
8654,ivan glasenberg,262
5671,john paulson,263
2029,wei jianjun,264
6119,francis choi,265
1051,erivan haub,266
7857,jason jiang,267
9522,suleiman kerimov,268
3492,ian & richard livingstone,269
8733,pang kang,270
4133,david shaw,271
6553,kushal pal singh,272
6841,john a. sobrato,273
8979,acharya balkrishna,274
6898,guenther fielmann,275
2427,daniel gilbert,276
3325,antonia johnson,277
8516,vikram lal,278
7067,akira mori,279
8029,maria-elisabeth schaeffler-thumann,280
6325,albert frere,281
9813,richard kinder,282
7687,robert kraft,283
8880,ralph lauren,284
8912,bruno schroder,285
2792,nusli wadia,286
4970,pierre bellon,287
9118,les wexner,288
7426,benu gopal bangur,289
3834,david cheriton,290
1552,ma jianrong,291
5792,whitney macmillan,292
1919,dan olsson,293
9482,vivek chaand sehgal,294
8985,teh hong piow,295
7126,abdulla bin ahmad al ghurair,296
8907,maria asuncion aramburuzabala,297
1209,ralph dommermuth,298
7407,frank lowy,299
4890,wolfgang marguerre,300
9000,marijke mars,301
7814,pamela mars,302
9826,valerie mars,303
8783,victoria mars,304
5441,david & frederick barclay,305
9920,"john gokongwei, jr.",306
7422,kwon hyuk-bin,307
2218,nancy walton laurie,308
8994,lin yu-ling,309
1369,tom & judy love,310
8349,robert rowling,311
3857,dennis washington,312
6082,yao liangsong,313
9280,zhang jindong,314
8572,juan francisco beckmann vidal,315
1818,david sun,316
4638,john tu,317
5522,martin viessmann,318
7697,stef wertheimer,319
8684,hansjoerg wyss,320
3085,james dyson,321
6638,laurence graff,322
5836,jen-hsun huang,323
3916,charles johnson,324
3838,jerry jones,325
1142,kei hoi pang,326
5210,kwee family,327
9952,lee shin cheng,328
1102,richard lefrak,329
5249,shigenobu nagamori,330
9637,steven rales,331
4689,friede springer,332
5893,yeung kin-man,333
6564,rinat akhmetov,334
2975,shari arison,335
1619,dannine avara,336
1638,rahel blocher,337
9716,andrew currie,338
5732,scott duncan,339
5178,milane frantz,340
4863,diane hendricks,341
9761,magdalena martullo-blocher,342
9156,hiroshi mikitani,343
1632,gabe newell,344
8415,pan sutong,345
8207,anthony pratt,346
7096,john reece,347
4847,randa williams,348
8475,zhang bangxin,349
1427,zhang shiping,350
9557,jean-michel besnier,351
9584,marie besnier beauvalot,352
2984,richard devos,353
7482,michael herz,354
4954,wolfgang herz,355
6706,kjeld kirk kristiansen,356
2657,sofie kirk kristiansen,357
3315,thomas kirk kristiansen,358
1389,lam wai ying,359
2207,lin xiucheng,360
8392,margarita louis-dreyfus,361
9122,george roberts,362
8722,"edward roski, jr.",363
7588,agnete kirk thinggaard,364
4914,mike adenuga,365
3718,jim davis,366
6363,david filo,367
9786,pansy ho,368
1777,henry kravis,369
9204,emanuele (lino) saputo,370
4143,xu chuanhua,371
4308,alexander abramov,372
1039,israel englander,373
2412,frits goldschmeding,374
8780,marian ilitch,375
3061,bruce kovner,376
7001,george lucas,377
8267,kalanithi maran,378
5789,elisabeth mohn,379
5535,"robert rich, jr.",380
5103,wang chuanfu,381
1176,maria fernanda amorim,382
7789,pyotr aven,383
6891,bernard marcus,384
6047,pedro moreira salles,385
2166,frederick smith,386
5063,ronda stryker,387
7677,richard branson,388
8057,subhash chandra,389
3271,denise coates,390
4952,martha ingram,391
5767,law kar po,392
6408,joe lewis,393
1474,gabriella meister,394
1276,fernando roberto moreira salles,395
9176,joao moreira salles,396
6516,walther moreira salles junior,397
3863,pankaj patel,398
2920,karen pritzker,399
8670,thomas schmidheiny,400
5088,vichai srivaddhanaprabha,401
2811,keiichiro takahara,402
6346,m.a. yusuff ali,403
9327,robert bass,404
4021,marc benioff,405
4516,martin & olivier bouygues,406
6746,chung mong-koo,407
7865,charles dolan,408
3445,ray lee hunt,409
4119,liu yonghao,410
4546,john overdeck,411
7104,ajay piramal,412
4886,"enrique razon, jr.",413
2312,sumner redstone,414
9713,paolo & gianfelice mario rocca,415
7250,reinhold schmieding,416
7511,david siegel,417
5745,andrei skoch,418
3732,yu yong,419
8713,sam zell,420
7233,zhou jianping,421
1109,bajaj brothers,422
7090,garrett camp,423
8045,bubba cathy,424
7885,dan cathy,425
8286,fu liquan,426
4643,philip & cristina green,427
8025,mikhail gutseriev,428
6718,"rupert johnson, jr.",429
5397,travis kalanick,430
4757,andrei kozitsyn,431
6976,horst paulmann,432
9770,julio ponce lerou,433
4027,trevor rees-jones,434
9456,mark scheinberg,435
2170,jeffrey skoll,436
8237,murat ulker,437
6127,daniel ziff,438
6930,dirk ziff,439
8164,robert ziff,440
3394,juergen blickle,441
8471,bernard broermann,442
2254,clive calder,443
7993,stanley druckenmiller,444
8398,ted lerner,445
3132,li shuirong,446
1897,lim kok thay,447
7535,niels peter louis-hansen,448
5919,fredrik lundberg,449
5506,gwendolyn sontheim meyer,450
4713,j. christopher reyes,451
2470,jude reyes,452
8865,alexandra schoerghuber,453
5017,sheldon solow,454
1520,lucio tan,455
7777,majid al futtaim,456
7673,andrej babis,457
2876,dona bertarelli,458
1286,cai kui,459
1692,bidzina ivanishvili,460
7414,"jeremy jacobs, sr.",461
7700,chris larsen,462
8338,patrick lee,463
7137,liang wengen,464
8657,denis o'brien,465
8689,kapil & rahul bhatia,466
6441,jean-pierre cayard,467
3791,chey tae-won,468
4373,fang wei,469
9083,andrei guriev,470
3861,bertil hult,471
1123,ji changqun,472
3604,"paul tudor jones, ii.",473
1661,robert miller,474
3200,sergei popov,475
9515,juan roig,476
4221,john sall,477
5172,leonard stern,478
8354,ye chenghai,479
1631,anthony bamford,480
6016,chu mang yee,481
5832,juan carlos escotet,482
1304,miguel fluxa rossello,483
5914,andrew forrest,484
5214,paul gauselmann,485
9848,tamara gustavson,486
4568,micky jagtiani,487
9576,johan johannson,488
3472,richard li,489
8125,john morris,490
9331,theo mueller,491
6897,akio nitori,492
9128,wolfgang reimann,493
8098,matthias reimann-andersen,494
5812,stefan reimann-andersen,495
8030,renate reimann-haas,496
8178,robert smith,497
3112,russ weiner,498
9606,jeronimo arango,499
5779,rahul bajaj,500
8842,rainer blickle,501
1966,rocco commisso,502
4752,giuseppe de'longhi,503
2543,tilman fertitta,504
3899,nathan kirsh,505
4171,terrence pegula,506
2654,robert pera,507
3906,gary rollins,508
3064,randall rollins,509
1614,alejandro santo domingo,510
7672,andres santo domingo,511
1255,pham nhat vuong,512
2913,roger wang,513
9845,stephen bisciotti,514
2788,"austen cargill, ii.",515
2542,"james cargill, ii.",516
1060,archie aldis emmerson,517
2558,antti herlin,518
2394,sumet jiaravanon,519
7080,lars larsen,520
7980,marianne liebmann,521
1150,bobby murphy,522
5162,igor olenicoff,523
2537,"walter scott, jr.",524
4044,"clemmie spangler, jr.",525
7103,wang yusuo,526
2308,carl bennet,527
9907,arthur blank,528
1882,jaran chiaravanont,529
9614,jack & laura dangermond,530
7045,fan hongwei,531
9593,john gandel,532
7966,james jannard,533
4192,montri jiaravanont,534
8963,samuel tak lee,535
4405,pawan munjal,536
2371,axel oberwelland,537
9120,james packer,538
7613,isaac perlmutter,539
5559,"h. ross perot, sr.",540
8803,michael pieper,541
6858,thomas pritzker,542
8381,"julian robertson, jr.",543
4228,renzo rosso,544
9194,hussain sajwani,545
7277,yasumitsu shigeta,546
1885,evan spiegel,547
2945,wang xing,548
8955,kelcy warren,549
4176,ben ashkenazy,550
1145,ursula bechtolsheimer-kipp,551
3616,otto philipp braun,552
4442,che jianxing,553
2376,dagmar dolby,554
5308,traudl engelhorn,555
8759,dan friedkin,556
1211,sergei galitsky,557
8537,huang rulun,558
2446,erman ilicak,559
3011,ronald lauder,560
2399,michel leclercq,561
1541,michael moritz,562
5004,issad rebrab,563
3983,naguib sawiris,564
7592,richard schulze,565
7795,b.r. shetty,566
6612,jeff sutton,567
8008,tony tan caktiong,568
4884,yu huijiao,569
2713,zhang xuexin,570
5616,zhang yiming,571
1340,suhail bahwan,572
9711,rick caruso,573
1576,tom gores,574
6351,peter hargreaves,575
5631,daniela herz,576
5725,guenter herz,577
5902,masatoshi ito,578
3223,barry lam,579
7731,sudhir & samir mehta,580
1596,ravi pillai,581
5399,stewart and lynda resnick,582
7963,jerry speyer,583
1937,harry stine,584
6423,george ty,585
7750,steven udvar-hazy,586
1184,christoph zeller,587
9968,nathan blecharczyk,588
4234,hubert burda,589
2761,chen dongsheng,590
5173,brian chesky,591
4680,gustaf douglas,592
6780,joe gebbia,593
1391,peter gilgan,594
4022,jeff greene,595
2801,jiang weiping,596
3479,dominika & sebastian kulczyk,597
9947,li wa,598
8472,robert mcnair,599
4611,masahiro miki,600
1199,katharina otto-bernstein,601
3124,ira rennert,602
9736,henry samueli,603
4532,zeng fangqin,604
9712,zhang jin,605
8275,nick caporella,606
2764,mark cuban,607
4512,ken fisher,608
1852,jaime gilinski bacal,609
5360,andreas halvorsen,610
7072,h. fisk johnson,611
6034,imogene powers johnson,612
3619,s. curtis johnson,613
4785,helen johnson-leipold,614
1402,winifred johnson-marquart,615
9077,viatcheslav kantor,616
5704,samvel karapetyan,617
1530,marc ladreit de lacharriere,618
6041,angela leong,619
2570,li gaiteng,620
4649,mangal prabhat lodha,621
9248,michael milken,622
3907,yuri milner,623
2754,andreas struengmann,624
8740,thomas struengmann,625
2269,tse ping,626
2122,yitzhak tshuva,627
3950,samuel yin,628
9565,michael ashley,629
8576,cao longxiang,630
8120,jeffery hildebrand,631
1268,jiang rensheng,632
3713,"edward johnson, iv.",633
6235,elizabeth johnson,634
7624,peter kellogg,635
8881,lim sung-ki,636
6367,friedhelm loh,637
5620,kiran mazumdar-shaw,638
3755,idan ofer,639
3292,karsanbhai patel,640
6977,qin yinglin,641
2280,qiu guanghe,642
2439,sarath ratanavadi,643
4687,rodger riney,644
7416,steven spielberg,645
9707,gabriele volkmann,646
9911,arne wilhelmsen,647
5703,xu jingren,648
7718,zhang li,649
4260,zhang xin,650
5699,anita zucker,651
6614,carlo benetton,652
7570,gilberto benetton,653
6269,giuliana benetton,654
7928,luciano benetton,655
7041,chen bang,656
6174,kuldip singh & gurbachan singh dhingra,657
6936,abilio dos santos diniz,658
9931,bernard ecclestone,659
8337,judy faulkner,660
2579,gao tianguo,661
4562,joshua harris,662
9078,arthur irving,663
4571,baba kalyani,664
5571,dmitry kamenshchik,665
7991,douglas leone,666
5612,edwin leong,667
6853,arnon milchan,668
3794,maren otto,669
7134,anthony pritzker,670
9229,jay robert (j.b.) pritzker,671
8329,mitchell rales,672
8051,kjell inge rokke,673
3108,"bernard saul, ii.",674
2944,donald sterling,675
8903,tahir,676
2588,chairul tanjung,677
7970,clemens toennies,678
1887,somphote ahunai,679
7401,igor altushkin,680
8677,riley bechtel,681
3452,"stephen bechtel, jr.",682
1575,mike cannon-brookes,683
2512,rafael del pino y calvo-sotelo,684
9068,antonio del valle ruiz,685
2397,scott farquhar,686
8682,lindsay fox,687
5758,jimmy haslam,688
4219,heidi horten,689
2372,min kao,690
8688,melissa ma,691
3162,rudolf maag,692
8456,alexander ponomarenko,693
8906,carlos rodriguez-pastor,694
2861,shashi & ravi ruia,695
8514,teddy sagi,696
6313,shaul shani,697
3754,alexander skorobogatko,698
9135,sun guangxin,699
9964,rita tong liu,700
9265,juan-miguel villar mir,701
4779,steve wynn,702
3773,anil agarwal,703
9571,abdulla al futtaim,704
7863,john arnold,705
6582,sid bass,706
7619,alain bouchard,707
3471,john brown,708
9868,vanich chaiyawan,709
7946,chen lip keong,710
1726,charles cohen,711
3016,ashwin dani,712
7831,rakesh gangwal,713
7760,reid hoffman,714
5037,"amos hostetter, jr.",715
2857,zarakh iliev,716
4644,ji qi,717
5316,kenneth langone,718
7891,li sze lim,719
7968,george lindemann,720
7902,liu zhongtian,721
7860,luo liguo,722
5565,mary alice dorrance malone,723
8458,"henry nicholas, iii.",724
1745,god nisanov,725
2925,pat stryker,726
5296,alexander svetakov,727
2762,hans peter wild,728
4854,yvonne bauer,729
1982,patrizio bertelli,730
7958,neil bluhm,731
8010,andrew & peggy cherng,732
4887,scott cook,733
1137,leon g. cooperman,734
3468,john paul dejoria,735
7596,martin ebner,736
7989,walter faria,737
3279,sameer gehlaut,738
3753,tom golisano,739
3608,otto happel,740
7961,jiang bin,741
7892,karel komarek,742
6880,kurt krieger,743
8830,timur kulibaev,744
4127,dinara kulibaeva,745
1412,spiro latsis,746
4774,daniel loeb,747
3913,luo jye,748
3742,ronald mcaulay,749
4148,alain merieux,750
7007,hans georg naeder,751
1811,nie tengyun,752
1430,daniel och,753
5040,miuccia prada,754
9235,marc rowan,755
2493,haim saban,756
9516,alvaro saieh bendeck,757
1297,michael & reiner schmidt-ruthenbeck,758
5182,lynn schusterman,759
3414,mark shoen,760
7816,michal solowow,761
2885,daniel tsai,762
8690,richard tsai,763
5519,frank wang,764
1049,meg whitman,765
9747,john catsimatidis,766
4140,do won & jin sook chang,767
9178,cheng cheung ling,768
3429,barry diller,769
7538,jack dorsey,770
5570,yakir gabay,771
5036,allan goldman,772
7060,jane goldman,773
5156,amy goldman fowler,774
1086,daryl katz,775
5192,diane kemper,776
4978,vladimir kim,777
2600,lai meisong,778
1438,manuel lao hernandez,779
2689,james leprino,780
8691,liang xinjun,781
9967,tom morris,782
6298,thi phuong thao nguyen,783
3056,rajan raheja,784
7450,ren jianhua,785
7320,richard sands,786
4258,kerry stokes,787
2002,donald trump,788
9959,romesh t. wadhwani,789
5038,wang jian,790
5521,clifford asness,791
8974,anne beaufour,792
6453,henri beaufour,793
9543,tom benson,794
1687,jim breyer,795
8998,alejandro bulgheroni,796
5195,hasmukh chudgar,797
3343,ennio doris,798
1649,luis frias,799
3241,valentin gapontsev,800
4061,martin haefner,801
4324,christopher hohn,802
2825,johnelle hunt,803
9044,rakesh jhunjhunwala,804
9076,lu xiangyang,805
9497,john middleton,806
4382,kazuo okada,807
5700,jorge perez,808
2346,prasert prasarttong-osoth,809
4180,jean (gigi) pritzker,810
9503,mochtar riady,811
8560,arkady rotenberg,812
7637,michael rubin,813
1733,robert sands,814
1645,herbert simon,815
6107,robert toennies,816
8698,manuel villar,817
1764,don vultaggio,818
7792,wang zhenhua,819
7402,wu kaiting,820
8846,simon xie,821
7152,chuck bundrant,822
3163,cai dongchen,823
9832,jose and francisco jose calderon rojas,824
4371,jason chang,825
6152,smita crishna-godrej,826
4620,ding shizhong,827
3693,feng hailiang,828
1182,gerald ford,829
3005,philippe foriel-destezet,830
6180,adi godrej,831
7544,jamshyd godrej,832
3961,nadir godrej,833
3213,joseph grendys,834
2298,hedda im brahm-droege,835
1529,ke zunhong,836
5707,randal kirk,837
4281,alicia koplowitz,838
3131,kwek leng beng,839
6241,louis le duff,840
7622,yusaku maezawa,841
4206,sergio mantegazza,842
6879,hans melchers,843
5116,erwin franz mueller,844
5610,rishad naoroji,845
6596,husnu ozyegin,846
7053,prajogo pangestu,847
9859,jeff rothschild,848
5891,thomas siebel,849
9260,paul singer,850
6224,ralph sonnenberg,851
9727,jon stryker,852
5165,georg stumpf,853
9985,tsai hong-tu,854
9213,vincent viola,855
4433,radovan vitek,856
9341,wang laichun,857
8089,wang laisheng,858
5813,carlos ardila lülle,859
5478,"william conway, jr.",860
3858,daniel d'aniello,861
7556,jim davis,862
3179,ding shijia,863
2741,"john dorrance, iii.",864
1748,doris fisher,865
4196,john fisher,866
8601,caroline hagen kjos,867
6892,kieu hoang,868
4939,huang shih tsai,869
9320,h. wayne huizenga,870
2273,osman kibar,871
5666,aloke lohia,872
9246,taha mikati,873
1993,philip niarchos,874
7412,stefan olsson,875
5273,sebastian piñera,876
8616,penny pritzker,877
2261,nicolas puech,878
8492,chandru raheja,879
2651,david rubenstein,880
1870,shi yuzhu,881
4530,zygmunt solorz-zak,882
6896,tung chee chen,883
7460,mark walter,884
8158,"william wrigley, jr.",885
1571,mortimer zuckerman,886
8401,mohed altrad,887
2631,anil ambani,888
5881,roberto angelini rossi,889
2332,saeed bin butti al qebaisi,890
4079,pierre chen,891
6626,ray davis,892
7518,"edward debartolo, jr.",893
1454,bennett dorrance,894
5115,eduardo eurnekian,895
1242,piero ferrari,896
3290,fiona geminder,897
9286,gu yuhua,898
1857,don hankey,899
6508,reed hastings,900
3505,huang wei,901
9833,james irsay,902
2390,kim beom-su,903
6428,mustafa kucuk,904
7225,mohamed mansour,905
8239,najib mikati,906
1738,ermirio pereira de moraes,907
2822,bob parsons,908
4935,krit ratanarak,909
9525,helena revoredo,910
6491,phillip ruffin,911
1821,howard schultz,912
5780,e. joe shoen,913
6407,thomas straumann,914
4508,lawrence stroll,915
4121,andrew tan,916
2024,tsai cheng-da,917
9395,frank vandersloot,918
7969,sandro veronesi,919
4531,ty warner,920
6353,oprah winfrey,921
3031,zhang wenzhong,922
1139,zuo hui,923
5543,juan abello,924
7817,semahat sevim arsel,925
8052,bang jun-hyuk,926
5934,koos bekker,927
2453,david bonderman,928
8026,francesco gaetano caltagirone,929
6870,john caudwell,930
4389,chen fashu,931
2655,chung eui-sun,932
5346,isabel dos santos,933
5223,fong yun wah,934
6690,phillip frost,935
9785,lutz mario helmig,936
5488,b. wayne hughes,937
6664,daniel kretinsky,938
4808,raj kumar & kishin rk,939
4347,lam kong,940
9897,lau cho kun,941
4839,"stephen mandel, jr.",942
1205,gilles martin,943
4963,daniel mate,944
5650,robert miller,945
1660,jorge moll filho,946
9394,maria helena moraes scripilliti,947
2702,sean parker,948
9496,jay paul,949
7498,patrick ryan,950
7481,thomas secunda,951
2142,shen wenrong,952
7441,shen yuxing,953
2479,gil shwed,954
2869,song zuowen,955
4616,warren stephens,956
8499,glen taylor,957
6864,hanni toosbuy kasprzak,958
7542,torbjorn tornqvist,959
2727,bulat utemuratov,960
9519,chip wilson,961
8697,jerry yang,962
8264,zhang fan,963
1526,zhu xingliang,964
5718,ramon ang,965
2576,edward bass,966
7736,lee bass,967
1682,bert beveridge,968
2823,george bishop,969
1089,jaime botin,970
6588,norman braman,971
8076,chin jong hwa,972
5855,cho tak wong,973
3630,john coates,974
6115,du jiangtao,975
1842,aloysio de andrade faria,976
9657,kenneth feld,977
4023,luca garavoglia,978
9025,noam gottesman,979
1353,jonathan gray,980
3808,stein erik hagen,981
4218,chang-woo han,982
9114,john henry,983
5011,lawrence ho,984
5795,hui lin chit,985
6900,mustafa rahmi koc,986
1447,kuan kam hon,987
3627,jane lauder,988
9089,aerin lauder zinterhofer,989
2492,maritsa lazari,990
1437,bernard lewis,991
3952,vincent lo,992
9899,jeffrey lorberbaum,993
3840,joe mansueto,994
9686,jose roberto marinho,995
9658,roberto irineu marinho,996
3247,c. dean metropoulos,997
2425,aristotelis mistakidis,998
4564,arturo moreno,999
8015,yoshiko mori,1000
9447,adam neumann,1001
6129,or wai sheun,1002
2410,richard peery,1003
6966,horst julius pudwill,1004
4436,p.v. ramprasad reddy,1005
8449,larry robbins,1006
4720,carlos sanchez,1007
4888,stephan schmidheiny,1008
2392,klaus-peter schulenberg,1009
2309,charles simonyi,1010
7590,mark stevens,1011
1185,sze man bok,1012
8126,sarik tara,1013
1325,lottie tham,1014
8390,peter thiel,1015
8508,elaine wynn,1016
9842,denise york,1017
5181,david zalik,1018
1455,zhao tao,1019
5652,george argyros,1020
6682,john arrillaga,1021
2899,charles bronfman,1022
3880,peter buck,1023
9010,chen jinxia,1024
3871,vivien chen,1025
8776,chu lam yiu,1026
8913,jean coutu,1027
3788,jose luis cutrale,1028
5860,jai hari & yadu hari dalmia,1029
1031,bergit douglas,1030
7234,alfredo egydio arruda villela filho,1031
2766,marcel erni,1032
2966,andre esteves,1033
1342,carlo fidani,1034
8185,abhay firodia,1035
3143,alfred gantner,1036
7527,geng jianming,1037
7056,mitchell goldhar,1038
1280,hortensia herrero,1039
3057,michael hintze,1040
6518,igor kesaev,1041
8637,koon poh keong,1042
1635,hermann langness,1043
9992,li zhongchu,1044
7895,alexander mamut,1045
4163,joao roberto marinho,1046
1076,"drayton mclane, jr.",1047
5035,patrice motsepe,1048
9613,alfred oetker,1049
2595,august oetker,1050
4438,carl ferdinand oetker,1051
9356,christian oetker,1052
4770,julia oetker,1053
5150,richard oetker,1054
9409,daniel pritzker,1055
8964,john pritzker,1056
1113,nevaldo rocha,1057
3526,luigi rovati,1058
4750,ferit faik sahenk,1059
9416,rosely schweizer,1060
8007,eric smidt,1061
3166,alexander spanos,1062
6416,leena tewari,1063
3379,tong jinquan,1064
2295,peter unger,1065
7874,sunny varkey,1066
1260,urs wietlisbach,1067
4264,michael ying,1068
4141,yu minhong,1069
5667,eva maria bucher-haefner,1070
8362,chen hua,1071
8171,gustavo denegri,1072
4578,dermot desmond,1073
9079,murali divi,1074
2715,thomas flohr,1075
7428,bernard fraisse,1076
7793,harsh goenka,1077
2195,david gottesman,1078
7192,murli dhar & bimal kumar gyanchandani,1079
2423,bill haslam,1080
5379,hu baifan,1081
7784,w. herbert hunt,1082
3152,alijan ibragimov,1083
3009,bradley jacobs,1084
3087,brad kelley,1085
8932,vinod khosla,1086
2364,stephen lansdown,1087
7132,martin lau,1088
7480,lee joong-keun,1089
6123,lin li,1090
1355,kenneth lo,1091
6884,alexander machkevich,1092
4573,clayton mathile,1093
8483,stanley perron,1094
6814,j. joe ricketts,1095
9220,dirk rossmann,1096
4805,filiz sahenk,1097
8969,dan snyder,1098
8348,peter spuhler,1099
8042,tang yiu,1100
5039,john tyson,1101
5097,wong man li,1102
8649,lia maria aguiar,1103
3129,aziz akhannouch,1104
8372,ron baron,1105
7386,shyam & hari bhartia,1106
7311,timothy boyle,1107
7533,tatiana casiraghi,1108
6642,chan tan ching-fen,1109
3756,"chase coleman, iii.",1110
3704,mark coombs,1111
6669,james coulter,1112
6519,dulce pugliese de godoy bueno,1113
7338,ana lucia de mattos barretto villela,1114
6945,"frank fertitta, iii.",1115
8836,lorenzo fertitta,1116
3781,maria franca fissolo,1117
4660,alexander frolov,1118
3598,"ernest garcia, ii.",1119
8276,alexandre grendene bartelle,1120
8714,vinod & anil rai gupta,1121
9794,torstein hagen,1122
6310,he qiaonv,1123
8696,hans-werner hector,1124
5492,stanley hubbard,1125
5827,ke xiping,1126
4158,suna kirac,1127
7807,kong jian min,1128
3744,koo bon-moo,1129
7939,heikki kyostila,1130
7729,thomas lee,1131
8578,eric lefkofsky,1132
6762,peter lim,1133
4475,scott lin,1134
7142,tomas olivo lopez,1135
6384,phillip t. (terry) ragon,1136
9448,stewart rahr,1137
7693,t. denny sanford,1138
9154,"julio mario santo domingo, iii.",1139
4781,"karl scheufele, iii.",1140
2395,shen guojun,1141
2639,alain taravella,1142
2982,oleg tinkov,1143
2772,t.y. tsai,1144
1018,tung chee hwa,1145
4547,ted turner,1146
1828,sunil vaswani,1147
8543,jitendra virwani,1148
9536,lang walker,1149
5160,wu zhigang,1150
2253,xiao wenge,1151
3356,xiong xuqiang,1152
7317,takao yasuda,1153
5858,william young,1154
7158,eddie & sol zakay,1155
3893,zhang xiugen,1156
8211,leslie alexander,1157
6810,patricia angelini rossi,1158
8588,josef boquoi,1159
9821,nikolai buinov,1160
4645,richard chandler,1161
5243,cheng xue,1162
5668,patokh chodiev,1163
9057,choo chong ngen,1164
4723,todd christopher,1165
3113,john de mol,1166
3647,bob gaglardi,1167
3161,gordon getty,1168
6091,philippe ginestet,1169
5653,sanjiv goenka,1170
9425,alec gores,1171
9912,david hains,1172
7661,bahaa hariri,1173
3536,william heinecke,1174
5276,huang hongyun,1175
1804,huang zhenda,1176
1983,ravi jaipuria,1177
9847,jiang yehua,1178
5094,manuel jove,1179
6769,willibert krueger,1180
1152,kuok khoon hong,1181
4277,christian latouche,1182
4076,guenther lehmann,1183
6223,li hongxin,1184
4010,li xiting,1185
1712,liang yunchao,1186
7634,brandt louie,1187
9126,catherine lozick,1188
5576,igor makarov,1189
5428,mao lixiang,1190
3261,harsh mariwala,1191
5638,martin moller nielsen,1192
7387,david murdock,1193
2871,n.r. narayana murthy,1194
8399,georg nemetschek,1195
9008,vikas oberoi,1196
9819,maja oeri,1197
8702,ong beng seng and christina ong,1198
1002,"h. ross perot, jr.",1199
4491,tor peterson,1200
1104,heloise pratt,1201
3586,alexey repik,1202
4657,shin chang-jae,1203
1805,kavitark ram shriram,1204
4367,sylvia stroeher,1205
8614,katsumi tada,1206
3720,tang shing-bor,1207
2291,georg von opel,1208
7278,david walentas,1209
1381,ronald wanek,1210
1222,wang changtian,1211
1917,wang wenjing,1212
6528,ye cheng,1213
1590,zhu gongshan,1214
9781,antti aarnio-wihuri,1215
4807,s. daniel abraham,1216
1794,joao alves de queiroz filho,1217
6999,mika anttonen,1218
8525,thor bjorgolfsson,1219
9330,andrei bokarev,1220
1478,bernhard braun-luedicke,1221
7813,eva maria braun-luedicke,1222
2735,friederike braun-luedicke,1223
9725,ron burkle,1224
7397,vivek chand burman,1225
4270,chen yung-tai,1226
8746,james clark,1227
7524,christopher cline,1228
6492,alexandra daitch,1229
5435,dong wei,1230
9691,fritz draexlmaier,1231
4842,glenn dubin,1232
4232,robert duggan,1233
3114,jayme garfinkel,1234
6854,sam goi,1235
6097,thomas hagen,1236
2068,carlos hank rhon,1237
3793,christoph henkel,1238
4348,hu kaijun,1239
2759,huang yi,1240
4598,ramesh juneja,1241
7322,bruce karsh,1242
6709,henry laufer,1243
5204,lee boo-jin,1244
6373,lee jay-hyun,1245
8082,wolfgang leitner,1246
8589,li ge,1247
5477,harald link,1248
6198,liu ming hui,1249
1845,jeffrey lurie,1250
1699,ma xingtian,1251
8143,sarah macmillan,1252
5092,howard marks,1253
4075,miao shouliang,1254
2415,lachhman das mittal,1255
2842,mario moretti polegato,1256
7974,vadim moshkovich,1257
7003,mofatraj munot,1258
2352,jonathan nelson,1259
3107,florentino perez,1260
6964,chuchat & daonapa petaumpai,1261
9021,peter peterson,1262
9635,arvind poddar,1263
5969,murdaya poo,1264
5985,ren zhengfei,1265
9948,antony ressler,1266
3070,francisco jose riberas mera,1267
9309,rodney sacks,1268
9464,hilton schlosberg,1269
6623,brian sheth,1270
5681,lucy stitzer,1271
1703,su suyu,1272
7198,satoshi suzuki,1273
5405,katherine tanner,1274
2590,arvind tiku,1275
2131,wang liping,1276
4366,wang xicheng,1277
4316,wei shaojun,1278
9036,amy wyss,1279
6038,jon yarbrough,1280
9458,vladimir yevtushenkov,1281
8946,charles zegar,1282
8725,zhu baoguo,1283
8652,saif al ghurair,1284
6214,syed mokhtar albukhary,1285
9433,miriam baumann-blocher,1286
6096,albert berner,1287
4301,thomas bruch,1288
2452,chang yun chung,1289
8066,kiat chiaravanont,1290
3481,jean-paul and martine clozel,1291
1920,benjamin de rothschild,1292
5878,james dinan,1293
4271,charles edelstenne,1294
7247,bernd freier,1295
8943,bill gross,1296
6631,jeffrey gundlach,1297
7514,suat gunsel,1298
3762,shmuel harlap,1299
8882,roberto hernandez ramirez,1300
7157,johannes kaercher,1301
9281,friedrich knapp,1302
7987,lee myung-hee,1303
3759,lee seo-hyun,1304
1021,liang jiankun,1305
1610,liao long-shing,1306
3748,lin shu-hong,1307
6987,yasseen mansour,1308
9445,david nahmad,1309
4415,alexander nesis,1310
4624,nandan nilekani,1311
9799,ranjan pai,1312
9188,park hyeon-joo,1313
6852,jennifer pritzker,1314
6088,qiu jianping,1315
5796,megdet rahimkulov,1316
6244,vito rodriguez rodriguez,1317
2686,stephen rubin,1318
3699,remo ruffini,1319
8317,erik selin,1320
3591,peter sondakh,1321
8413,alan n. trefler,1322
9631,tseng shin-yi,1323
1072,masateru uno,1324
8376,wang qingtao,1325
8254,evan williams,1326
7029,gustav magnar witzoe,1327
4478,horst wortmann,1328
1483,xiao yongming,1329
4852,xie zhikun,1330
9860,xue xiangdong,1331
2980,yuan yafei,1332
7973,robin zeng,1333
6962,zhang daocai,1334
5495,zhang xuansong,1335
5314,zheng yuewen,1336
4295,zhou xiaoguang,1337
9909,susanne zimmermann von siefart ,1338
7391,aras agalarov,1339
3796,maurice alter,1340
9397,an kang,1341
1776,alex beard,1342
2337,nicolas berggruen,1343
6480,vladimir bogdanov,1344
3516,julio bozano,1345
9778,anna maria braun,1346
4502,johanna braun,1347
7765,karl friedrich braun,1348
5958,anand burman,1349
3530,edouard carmignac,1350
1814,chen jianhua,1351
8942,cheung yan,1352
5810,chung mong-joon,1353
6617,jack cowin,1354
8749,cui genliang,1355
1683,kommer damen,1356
4240,diego della valle,1357
4464,dou zhenggang,1358
7537,n. murray edwards,1359
6653,gabriel escarrer,1360
2005,clement fayat,1361
4650,james france,1362
4332,senapathy gopalakrishnan,1363
3233,david harding,1364
1498,stewart horejsi,1365
2048,huang qisen,1366
5170,hamilton james,1367
7725,john kapoor,1368
9889,william lauder,1369
9539,li zongsong,1370
5317,willy michel,1371
9007,masahiro noda,1372
9378,gregorio perez companc,1373
4678,linda pritzker,1374
3035,qin hui,1375
3413,matthias reinhart,1376
9934,brian roberts,1377
2175,alberto roemmers,1378
3344,gerald schwartz,1379
5876,thaksin shinawatra,1380
3546,william stone,1381
5048,petter stordalen,1382
5229,julia stoschek,1383
6368,maximilian stoschek,1384
5462,sun shoukuan,1385
2129,ba duong tran,1386
2130,hamdi ulukaya,1387
7425,wong luen hei,1388
2632,wu yulan,1389
5228,xu hang,1390
8440,yang erzhu,1391
4596,yao kuizhang,1392
8133,sheng jian zhong,1393
6763,marcel adams,1394
4350,"herbert allen, jr.",1395
1959,michael ashcroft,1396
7591,roman avdeev,1397
5551,emilio azcarraga jean,1398
8121,sezai bacaksiz,1399
1769,lesley bamberger,1400
4802,angela bennett,1401
2087,hubertus benteler,1402
2293,ludwig theodor braun,1403
3888,nicola bulgari,1404
6151,paolo bulgari,1405
8284,chen dejun,1406
6203,tony chen,1407
1807,chen xueli,1408
5253,luigi cremonini,1409
6992,dominique desseigne,1410
2128,sefik yilmaz dizdar,1411
6008,domenico dolce,1412
1806,pavel durov,1413
6732,john farber,1414
2804,robert fisher,1415
4589,william fisher,1416
9333,stefano gabbana,1417
3128,rolf gerling,1418
2912,serge godin,1419
9732,sergei gordeev,1420
4576,mehmet nazif gunal,1421
9530,yusuf hamied,1422
7288,gerry harvey,1423
5312,timothy headington,1424
9791,huang chulong,1425
2239,huo qinghua,1426
9989,devendra jain,1427
7437,jiang yintai,1428
7554,"jim justice, ii.",1429
1138,kim jun-ki,1430
7059,william koch,1431
8506,anthony langley,1432
6955,marc lasry,1433
1595,peter leibinger,1434
2228,regine leibinger,1435
3639,li san yim,1436
6567,david lichtenstein,1437
8393,lim oon kuin,1438
4968,liu ming chung,1439
6504,ma xiuhui,1440
6418,prayudh mahagitsiri,1441
1878,anand mahindra,1442
6210,kishore mariwala,1443
2765,craig mccaw,1444
1398,miguel mckelvey,1445
3769,vincent mcmahon,1446
9930,david mcmurtry,1447
3849,gary michelson,1448
1338,massimo moratti,1449
3334,farhad moshiri,1450
9676,jerry moyes,1451
1413,charles munger,1452
5370,kerr neilson,1453
7643,ou zongrong,1454
3549,nihat ozdemir,1455
3726,pan weiming,1456
3461,park yeon-cha,1457
1457,nelson peltz,1458
5533,roger penske,1459
6727,qi jinxing,1460
5910,qi shi,1461
1992,theodore rachmat,1462
9621,juan maria riberas mera,1463
2109,vijay shekhar sharma,1464
3094,konstantin strukov,1465
7678,henry swieca,1466
3201,wichai thongtang,1467
8800,torsten toeller,1468
8838,roman trotsenko,1469
6192,todd wagner,1470
1569,wang chaobin,1471
8767,wang yanqing,1472
3322,john whittaker,1473
4621,wu guangming,1474
4513,xu qiming,1475
2605,zhang xiaojuan,1476
4565,melih abdulhayoglu,1477
9877,radhe shyam agarwal,1478
9995,mohamed al fayed,1479
9591,faisal bin qassim al thani,1480
8542,william f. austin,1481
2504,louis bacon,1482
2064,achal bakeri,1483
3153,othman benjelloun,1484
5246,william berkley,1485
6399,aneel bhusri,1486
7572,o. francis biondi,1487
7147,john bloor,1488
2779,david booth,1489
9599,cai wensheng,1490
7990,ahmet calik,1491
5259,michel chalhoub,1492
8299,chen xiaoying,1493
2887,cho jung-ho,1494
6888,turgay ciner,1495
1588,steve conine,1496
6007,jacques d'amours,1497
1424,robert defares,1498
9828,alexander dzhaparidze,1499
8434,stephen feinberg,1500
2921,paul foster,1501
5460,mario gabelli,1502
1858,marcos galperin,1503
5672,radhe shyam goenka,1504
9788,christopher goldsbury,1505
2407,stelios haji-ioannou,1506
1528,ilkka herlin,1507
3584,brian higgins,1508
3044,stephen jarislowsky,1509
4289,michael jordan,1510
3084,kenji kasahara,1511
4203,kim taek-jin,1512
7210,edward lampert,1513
9018,thomas lau,1514
3786,thai lee,1515
7653,lei jufang,1516
5733,li li,1517
5331,li liufa,1518
9151,liu hanyuan,1519
8425,pier luigi loro piana,1520
2464,billy joe (red) mccombs,1521
7689,gian marco moratti,1522
5157,manuel moroun,1523
3666,robert mouawad,1524
8033,marius nacht,1525
2026,ni zugen,1526
9940,lirio parisotto,1527
1399,karl-johan persson,1528
3774,tom persson,1529
1098,dmitry pumpyansky,1530
8787,ruan shuilong,1531
6791,jean salata,1532
6675,sheryl sandberg,1533
1633,niraj shah,1534
5059,shin dong-guk,1535
9866,ben silbermann,1536
9113,charlotte soderstrom,1537
4635,thomas steyer,1538
2062,su weizhong,1539
3159,david teoh,1540
4466,wang jinshu,1541
2958,wang yaohai,1542
8885,charlotte colket weber,1543
4042,wei ing-chou,1544
6575,yin-chun wei,1545
4342,wei yin-heng,1546
2534,wei ying-chiao,1547
7909,richard white,1548
2422,allan wong,1549
6323,wong kwong yu,1550
4384,wu jianshu,1551
5292,wu xu,1552
7279,wu xushun,1553
2693,luis enrique yarur rey,1554
7139,albert yeung,1555
6280,yu rong,1556
9086,kostyantin zhevago,1557
1880,zhou chengjian,1558
9016,zhou yaoting,1559
6939,zhuang kuilong,1560
7513,jose joao abdalla filho,1561
8163,khalifa bin butti al muhairi,1562
6726,folorunsho alakija,1563
6173,bill alfond,1564
5310,susan alfond,1565
9189,ted alfond,1566
4592,joy alukkas,1567
7855,andrey andreev,1568
2193,carol jenkins barnett,1569
3607,oleg boyko,1570
1518,ana maria brescia cafferata,1571
4175,binod chaudhary,1572
9655,che fengsheng,1573
5208,chen qingzhou,1574
8700,richard desmond,1575
5081,mohammed dewji,1576
1027,carl douglas,1577
8110,eric douglas,1578
7229,bulent eczacibasi,1579
2214,faruk eczacibasi,1580
1705,martha ford,1581
1133,yasuhiro fukushima,1582
9590,reinold geiger,1583
8555,saad hariri,1584
5705,richard hayne,1585
4572,ilona herlin,1586
4949,asok kumar hiranandani,1587
8433,niranjan hiranandani,1588
4895,huang qiaoling,1589
8104,huang zhuangmian,1590
2737,hal jackman,1591
4676,anurang jain,1592
7829,keeree kanjanapas,1593
6592,kim nam-jung,1594
7316,seth klarman,1595
4383,alexander klyachin,1596
5348,yuriy kosiuk,1597
7438,miguel krigsner,1598
7325,lee yin yee,1599
1435,nicola leibinger-kammueller,1600
1187,li weiwei,1601
6185,william li,1602
6801,li yihai,1603
8781,li yong,1604
1883,lin ming-hsiung,1605
9492,lou zhongfu,1606
3955,low tuck kwong,1607
9862,p.n.c. menon,1608
4803,thomas meyer,1609
5800,ezra nahmad,1610
6950,judith neilson,1611
1938,madeleine olsson ericksson,1612
8569,ou zonghong,1613
3637,eren ozmen,1614
2038,fatih ozmen,1615
6487,jose isaac peres,1616
7576,mark pincus,1617
6390,kevin plank,1618
1886,"nicholas pritzker, ii.",1619
5131,que wenbin,1620
3376,jorge rodriguez rodriguez,1621
6848,nobutada saji,1622
6136,thomas sandell,1623
9652,eddy kusnadi sariaatmadja,1624
4035,fayez sarofim,1625
8937,monika schoeller,1626
1721,antonio luiz seabra,1627
9208,yuri shefler,1628
7433,rajju shroff,1629
5634,frank stronach,1630
5350,kevin systrom,1631
6806,tang hsiang-chien,1632
3496,tang jianfang,1633
6023,ning tang,1634
3439,jim thompson,1635
5986,jonathan tisch,1636
8107,kenneth tuchman,1637
9308,wim van der leegte,1638
4868,shamsheer vayalil,1639
1308,thongma vijitpongpun,1640
2995,arkady volozh,1641
4385,stefan von holtzbrinck,1642
7859,wang jiufang,1643
2858,wong hong king,1644
5585,ian wood,1645
3661,xiao chunhong,1646
6587,jacky xu,1647
6904,zhang hongwei,1648
5916,zhang tao,1649
9665,anu aga,1650
5509,farkhad akhmedov,1651
4300,alberto alcocer,1652
4559,bassam alghanim,1653
7202,kutayba alghanim,1654
1225,alexandra andresen,1655
4482,katharina andresen,1656
6963,vasily anisimov,1657
2250,mori arkin,1658
7208,nigel austin,1659
8561,krishna kumar bangur,1660
3749,herb chambers,1661
1644,r.g. chandramogan,1662
2097,chang pyung-soon,1663
4045,chao teng-hsiung,1664
4224,chen liying,1665
8154,chen tianqiao,1666
4942,henry cheng,1667
7575,chey ki-won,1668
6708,chi yufeng,1669
6433,chua thian poh,1670
4200,chung yong-jin,1671
7019,ciputra,1672
6366,alberto cortina,1673
4190,"robert coyiuto, jr.",1674
6723,maria del pino y calvo-sotelo,1675
6778,k. dinesh,1676
3345,du weimin,1677
8594,john edson,1678
5190,david einhorn,1679
2536,bob ell,1680
9589,gary fegel,1681
5321,victor fung,1682
5994,william fung,1683
4864,alan gerry,1684
7574,balkrishan goenka,1685
5553,polys haji-ioannou,1686
9894,mehmet hattat,1687
2888,j. tomilson hill,1688
7423,eduardo hochschild,1689
9872,hoi kin hong,1690
8568,hur young-in,1691
3782,george joseph,1692
3498,ronald joyce,1693
8087,t.s. kalyanaraman,1694
7148,nimesh kampani,1695
9573,eugene kaspersky,1696
5330,viktor kharitonin,1697
4883,pyotr kondrashev,1698
3802,yuri kovalchuk,1699
8055,kagemasa kozuki,1700
6050,michael krasny,1701
9545,james leininger,1702
1866,li guoqiang,1703
6633,li liangbin,1704
5236,liu ko-chen,1705
9404,anatoly lomakin,1706
4549,ma hong,1707
7614,gary magness,1708
2968,youssef mansour,1709
8807,strive masiyiwa,1710
2808,dariusz milek,1711
8034,nan cunhui,1712
4734,dinesh nandwana,1713
1121,oei hong leong,1714
9429,rubens ometto silveira mello,1715
5801,ou xueming,1716
8221,markus persson,1717
1591,victor pinchuk,1718
6694,alberto prada,1719
6142,marina prada,1720
9223,forrest preston,1721
8075,jerry reinsdorf,1722
4542,fernando roig,1723
7706,subhash runwal,1724
8515,yoshiyuki sankai,1725
9427,kirill shamalov,1726
8645,shin dong-bin,1727
8047,evgeny (eugene) shvidler,1728
7091,jasminder singh,1729
8140,martua sitorus,1730
6715,peter sperling,1731
5152,jerzy starak,1732
3944,manny stul,1733
7938,su rubo,1734
7150,fuat tosyali,1735
7190,kenny troutt,1736
6825,rufino vigil gonzalez,1737
9966,wang jianfeng,1738
7932,wang jing,1739
1367,wang qunbin,1740
9435,dan wilks,1741
5859,farris wilks,1742
8079,thomas wu,1743
6788,yi zheng,1744
7878,yuan fugen,1745
8360,"richard yuengling, jr.",1746
8707,gavril yushvaev,1747
4167,zeng kaitian,1748
3853,zhang wanzhen,1749
2202,zhang yubai,1750
6554,changpeng zhao,1751
1401,zhou yifeng,1752
3869,zhou yongli,1753
5408,zhu wenchen,1754
4242,ahmet nazif zorlu,1755
7751,len ainsworth,1756
3597,edmund ansin,1757
5968,markus blocher,1758
4904,leonid boguslavsky,1759
6975,jorge horacio brito,1760
2186,saket burman,1761
1761,steve case,1762
8802,jeffrey cheah,1763
1197,bruce cheng,1764
8743,cheng xianfeng,1765
4992,ivan chrenko,1766
5104,eduardo cojuangco,1767
1394,brunello cucinelli,1768
5917,darwin deason,1769
3353,andrea della valle,1770
2473,jamie dimon,1771
8368,charles dunstone,1772
4129,bruce flatt,1773
7021,fu meicheng,1774
3346,soichiro fukutake,1775
5382,don gao,1776
1696,gao yunfeng,1777
8905,anne gittinger,1778
9056,clelia haji-ioannou,1779
9640,john hancock,1780
5183,ronnen harary,1781
9578,ayman hariri,1782
2018,fahd hariri,1783
6868,surendra hiranandani,1784
6556,alan howard,1785
8022,hu keqin,1786
7657,archie hwang,1787
9469,irwin jacobs,1788
7366,mitchell jacobson,1789
8347,rana kapoor,1790
1563,alexander karp,1791
6500,raghuvinder kataria,1792
5694,habil khorakiwala,1793
9885,sidney kimmel,1794
8188,andre koo,1795
8611,koo bon-neung,1796
4255,andrei kosogov,1797
5883,lee ho-jin,1798
9512,solomon lew,1799
6291,rodney lewis,1800
1178,li jiaquan,1801
8766,lin fanlian,1802
5489,lin jianhua,1803
7472,lin tianfu,1804
9646,louise lindh,1805
1186,liu baolin,1806
7331,jose llado fernandez-urrutia,1807
1352,lu di,1808
6359,"cargill macmillan, iii.",1809
8157,john macmillan,1810
8796,martha macmillan,1811
9322,william macmillan,1812
5851,katarina martinson,1813
4915,craig newmark,1814
4398,bruce nordstrom,1815
1969,pierre karl péladeau,1816
7972,david penaloza alanis,1817
9961,andreas pohl,1818
7227,"reinfried pohl, jr.",1819
5404,mahendra prasad,1820
4891,anton rabie,1821
9717,bianca rinehart,1822
8813,ginia rinehart,1823
3255,alexander rovt,1824
3301,lily safra,1825
8640,deniz sahenk,1826
5313,karin schick,1827
4088,leonard schleifer,1828
5100,dieter schnabel,1829
5391,bhadresh shah,1830
7188,shao qinxiang,1831
2020,eric ya shen,1832
9825,nobutoshi shimamura,1833
6935,shum chiu hung,1834
1125,helmut sohmen,1835
9273,sun qinghuan,1836
3214,sun yinhuan,1837
6714,djoko susanto,1838
3426,erol tabanca,1839
5843,alexander tedja,1840
8608,wilma tisch,1841
3477,ayhan tosyali,1842
2158,fatih tosyali,1843
9835,tran dinh long,1844
1648,tsai ming-kai,1845
1855,pavel tykac,1846
2300,jayshree ullal,1847
1550,wan long,1848
9844,wang muqing,1849
5828,wang yong,1850
6815,hope welker,1851
4945,wen yibo,1852
3932,stephen t. winn,1853
3523,gordon wu,1854
9270,wu lanlan,1855
4848,xu ziquan,1856
8884,yang meirong,1857
8493,yang tingdong,1858
7719,you xiaoping,1859
1706,yu peidi,1860
4732,yu qibing,1861
3837,yu yunxin,1862
2865,zan shengda,1863
8956,zhang guiping,1864
9759,zhao weiguo,1865
6698,zheng jianjiang,1866
9879,hamad bin jassim bin jaber al thani,1867
8566,fawzi al-kharafi,1868
5149,mohannad al-kharafi,1869
8320,isak andic,1870
6523,marc andreessen,1871
7782,jose maria aristrain,1872
3727,thomas bailey,1873
6919,harindarpal banga,1874
5807,elena baturina,1875
8252,eduardo belmont anderson,1876
2636,tomasz biernacki,1877
5977,zadik bino,1878
6907,brett blundy,1879
6305,henadiy boholyubov,1880
7779,charles brandes,1881
3285,amit burman,1882
2776,cai dongqing,1883
6262,chen bo,1884
4051,cheng wei,1885
1392,phongthep chiaravanont,1886
6138,kochouseph chittilappilly,1887
6432,chu jinfu,1888
2875,eduardo costantini,1889
1868,sol daurella,1890
3176,philip day,1891
1376,d. leopoldo del pino y calvo-sotelo,1892
3833,norbert dentressangle,1893
2430,beda diethelm,1894
7378,mark dixon,1895
5809,henry engelhardt,1896
2955,fang hongbo,1897
8271,gleb fetisov,1898
9414,donald foss,1899
1797,robert friedland,1900
1701,donald friese,1901
9003,fu guangming,1902
2248,dan gertler,1903
9413,dennis gillings,1904
8981,ryan graves,1905
4100,gu wei,1906
1058,alfredo harp helu,1907
8893,gudrun heine,1908
1462,francis holder,1909
1740,hong seok-joh,1910
9002,douglas hsu,1911
9595,huang jianrong,1912
4016,"b. wayne hughes, jr.",1913
5987,daisy igel,1914
7890,thomas james,1915
5923,jiang ganjun,1916
6757,jiang zhaobai,1917
6458,jin huiming,1918
6573,ajay kalsi,1919
9222,helga kellerhals,1920
9372,king pak fu,1921
1567,sergei kolesnikov,1922
5020,hemendra kothari,1923
6834,eiichi kuriwada,1924
8923,guy laliberté,1925
8762,lee hae-jin,1926
1918,michael lee-chin,1927
4459,li guangyu,1928
7478,li jun,1929
2200,li rucheng,1930
1372,li xuhui,1931
1173,lim wee chai,1932
1932,liu jiang,1933
7468,liu xuejing,1934
8479,liu zhenguo,1935
4052,lo ka shui,1936
9249,lo siu-tong,1937
1156,tobi lutke,1938
5164,ma yunsheng,1939
9408,ziyavudin magomedov,1940
1799,ana maria marcondes penido sant'anna,1941
4286,terence (terry) matthews,1942
2535,gail miller,1943
7088,andrei molchanov,1944
8764,ni zhaoxing,1945
2067,kentaro ogawa,1946
8080,erik paulsson,1947
3662,peng hao,1948
2197,stefan pierer,1949
2003,michael price,1950
1756,clayton riddell,1951
4487,boris rotenberg,1952
7683,igor rybakov,1953
3456,stephen saad,1954
2649,k. rai sahi,1955
4495,airat shaimiev,1956
2152,radik shaimiev,1957
2285,shang jiyong,1958
3291,mikhail shelkov,1959
5867,s.d. shibulal,1960
5215,ron sim,1961
4439,leonid simanovsky,1962
3862,basudeo singh,1963
8083,samprada singh,1964
1459,terry snow,1965
8571,lynsi snyder,1966
6058,sybill storz,1967
1379,harjo sutanto,1968
2125,yoshikazu tanaka,1969
3048,mehmet sinan tara,1970
5619,rit thirakomen,1971
6286,tian ming,1972
2972,ion tiriac,1973
8735,ivar tollefsen,1974
6488,mustafa latif topbas,1975
9648,thomas tull,1976
9014,john van lieshout,1977
6525,wang han,1978
5470,wang junjin,1979
5562,wang wenbiao,1980
8123,"alfred west, jr.",1981
5169,wu daohong,1982
8363,wu yiling,1983
3313,xiu laigui,1984
9393,xu xiong,1985
5624,xu xudong,1986
5144,xue hua,1987
5904,vadim yakunin,1988
2203,yan yude,1989
7169,yang keng,1990
2167,yang shaopeng,1991
4920,zhang cheng fei,1992
5774,zhang jingzhang,1993
2990,zhang keqiang,1994
2930,zhang xuanning,1995
8546,zhang zhangsun,1996
3518,zhou bajin,1997
3245,zhou wenyu,1998
8418,william ackman,1999
3558,soegiarto adikoesoemo,2000
3047,ali ibrahim agaoglu,2001
6790,hamdi akin,2002
6629,chirayu amin,2003
4317,mehmet aydinlar,2004
7203,emanuella barilla,2005
4615,guido barilla,2006
2685,luca barilla,2007
9693,paolo barilla,2008
4315,mehmet rustu basaran,2009
6925,j. hyatt brown,2010
5770,bu yang,2011
7822,hideyuki busujima,2012
1536,cai rongjun,2013
4655,cai xiaoru,2014
9849,delfin jorge ezequiel carballo,2015
4331,chen jinshi,2016
7979,chen qixing,2017
2294,chen shiliang,2018
5136,chen xiaxin,2019
5124,manas chiaravanond,2020
7721,yupa chiaravanond,2021
7843,prathip chiravanond,2022
7664,gustavo cisneros,2023
3069,sandor csanyi,2024
3243,cui lijie,2025
8864,dang yanbao,2026
4335,bharat desai,2027
4580,joseph edelman,2028
6170,wolfgang egger,2029
3841,andrei filatov,2030
5357,paul fireman,2031
4658,j. christopher flowers,2032
5465,fu kwan,2033
5887,sheela gautam,2034
6557,drew houston,2035
1057,huang shilin,2036
6332,huang wen tsai,2037
7577,mohammed ibrahim,2038
6737,hiroshi ishibashi,2039
8630,bent jensen,2040
9110,chatchai kaewbootta,2041
8711,jonas kamprad,2042
3593,mathias kamprad,2043
2118,peter kamprad,2044
2313,madhu kapur,2045
9757,richard kayne,2046
8736,vladimir kogan,2047
4522,koh wee meng,2048
8495,koo bon-joon,2049
3656,lam lung on,2050
4515,isaac larian,2051
9720,frank laukien,2052
9675,lee joon-ho,2053
5368,lee sang-hyuk,2054
3141,nancy lerner,2055
5863,norma lerner,2056
5468,randolph lerner,2057
6293,david xueling li,2058
7883,li tan,2059
6978,li weiguo,2060
6060,liang feng,2061
3105,liang guangwei,2062
3459,liang shezeng,2063
7832,liao chang,2064
7982,jenny lindén urnes,2065
8920,liu zhendong,2066
8814,liu zhiqiang,2067
6811,jonathan lu,2068
2113,william macaulay,2069
9037,john martin,2070
7444,yves-loic martin,2071
6772,satish mehta,2072
2084,nikita mishin,2073
4223,konstantin nikolaev,2074
8947,simon nixon,2075
7571,michael o'leary,2076
6797,liora ofer,2077
9245,roberto ongpin,2078
7960,niti osathanugrah,2079
5753,frank otto,2080
1406,gretel packer,2081
4470,alberto palatchi,2082
3052,peng jianhu,2083
1729,lucy peng,2084
9190,andrei rappoport,2085
6339,andrea reimann-ciardelli,2086
9638,igor rotenberg,2087
3175,alan rydge,2088
4557,chris sacca,2089
7144,alexander samwer,2090
3388,marc samwer,2091
9319,oliver samwer,2092
7296,neil shen,2093
1015,albert shigaboutdinov,2094
4216,shin dong-joo,2095
7082,yoshiko shinohara,2096
7951,analjit singh,2097
3422,stephen smith,2098
6312,michael steinhardt,2099
4083,svein stole,2100
1611,rustem sulteev,2101
4341,julio patricio supervielle,2102
8114,min-liang tan,2103
9187,hary tanoesoedibjo,2104
7746,sukanto tanoto,2105
6161,tiong hiew king,2106
9082,laurie tisch,2107
3951,steven tisch,2108
2350,james truchard,2109
4125,vardis vardinoyannis,2110
8168,murat vargi,2111
1419,wan lianbu,2112
4630,wang miaotong,2113
6421,wang zhenghua,2114
3566,wen jianping,2115
9071,myron wentz,2116
6600,xia zuoquan,2117
7723,swift xie,2118
2437,yao jinbo,2119
1708,fatma tuba yazici,2120
9432,zhang zhirong,2121
7099,zhao yan,2122
7184,zhou zongwen,2123
9237,raamdeo agrawal,2124
7774,maurizio billi,2125
7446,sara blakely,2126
4535,pete bodharamik,2127
9226,cao kejian,2128
7870,morris chang,2129
5952,richard chang,2130
2318,chen jianming,2131
8564,cho yang-rai,2132
5344,yvon chouinard,2133
8950,eduard chukhlebov,2134
2719,jack cockwell,2135
3766,john collison,2136
4114,patrick collison,2137
3488,henry davis,2138
2299,francois feuillet,2139
7244,susumu fujita,2140
1317,filaret galchev,2141
7674,yuri gushchin,2142
5058,david hall,2143
8063,he simo,2144
7933,hon kwok lung,2145
5444,elie horn,2146
5056,huang bingwen,2147
6683,huang xiaofen,2148
8693,masayuki ishihara,2149
9284,tarang jain,2150
3634,jiang wei,2151
5959,jiang xuefei,2152
6678,david kabiller,2153
5989,morris kahn,2154
6171,"anton kathrein, jr.",2155
4640,kim dae-il,2156
8847,michael kim,2157
4603,ihor kolomoyskyy,2158
9582,koo bon-sik,2159
3232,igor kudryashkin,2160
2013,lev kvetnoi,2161
5786,theodore leonsis,2162
3045,lev leviev,2163
5573,liang zhaoxian,2164
2366,john liew,2165
8442,paul little,2166
3632,liu fuhai,2167
3550,liu jincheng,2168
1130,liu shaoxi,2169
5022,lu weiding,2170
8826,duncan macmillan,2171
7170,george marcus,2172
9983,bernardo matte,2173
7102,eliodoro matte,2174
1480,mi enhua,2175
4311,lowell milken,2176
9279,nirmal minda,2177
6178,martin naughton,2178
6878,vadim novinsky,2179
7743,sergei petrov,2180
5979,carolyn rafaelian,2181
7896,lawrence rossy,2182
1825,alice schwartz,2183
8817,martin selig,2184
1307,sathien setthasit,2185
6843,evan sharp,2186
8259,ravindra kishore sinha,2187
3436,axel stawski,2188
4999,beny steinmetz,2189
4291,dirk stroeer,2190
5579,sun shangchuan,2191
8246,sam tarascio,2192
9463,robert toll,2193
5003,surin upatkoon,2194
8970,alexander vik,2195
6094,peter-alexander wacker,2196
7908,wang jianyi,2197
9508,v. prem watsa,2198
9742,sandy weill,2199
8496,wen pengcheng,2200
9721,wu chung-yi,2201
5502,yang jianxin,2202
1174,yao xinyi,2203
1711,zhao xiaoqiang,2204
3538,zhou liangzhang,2205
7797,zhu xingming,2206
3123,zhuo jun,2207
7030,olgun zorlu,2208
