Source,worth BUSD, worthChange millions USD
Technology  ==> Amazon,112,0
Technology  ==> Microsoft,90,0
Finance and Investments  ==> Berkshire Hathaway,84,0
Fashion & Retail  ==> LVMH,72,0
Technology  ==> Facebook,71,0
Fashion & Retail  ==> Zara,70,0
Telecom  ==> telecom,67,0
Diversified  ==> Koch Industries,60,0
Diversified  ==> Koch Industries,60,0
Technology  ==> software,58,0
Media & Entertainment  ==> Bloomberg LP,50,0
Technology  ==> Google,48,0
Technology  ==> Google,47,0
Fashion & Retail  ==> Walmart,46,0
Fashion & Retail  ==> Walmart,46,0
Fashion & Retail  ==> Walmart,46,0
Technology  ==> internet media,45,0
Fashion & Retail  ==> L'Oreal,42,0
"Energy  ==> petrochemicals, oil & gas",40,0
Technology  ==> e-commerce,39,0
Gambling & Casinos  ==> casinos,38,0
Technology  ==> Microsoft,38,0
Diversified  ==> diversified,34,0
Real Estate  ==> real estate,30,0
Real Estate  ==> real estate,30,0
Real Estate  ==> real estate,30,0
Fashion & Retail  ==> supermarkets,29,0
Fashion & Retail  ==> Nike,29,0
Food and Beverage  ==> beer,27,-672
Fashion & Retail  ==> luxury goods,27,0
Automotive  ==> auto parts,25,0
"Automotive  ==> BMW, pharmaceuticals",25,0
Media & Entertainment  ==> media,25,0
"Food and Beverage  ==> candy, pet food",23,0
"Food and Beverage  ==> candy, pet food",23,0
Finance and Investments  ==> banking,23,0
"Food and Beverage  ==> Nutella, chocolates",23,0
Food and Beverage  ==> Red Bull,23,0
Technology  ==> Dell computers,22,0
"Telecom  ==> internet, telecom",22,0
Diversified  ==> diversified,22,0
Automotive  ==> BMW,22,0
Real Estate  ==> real estate,21,0
"Technology  ==> Microsoft, investments",21,0
Fashion & Retail  ==> eyeglasses,21,0
Fashion & Retail  ==> retail,20,0
Finance and Investments  ==> discount brokerage,20,0
"Fashion & Retail  ==> Aldi, Trader Joe's",20,0
Diversified  ==> diversified,20,0
Manufacturing  ==> home appliances,20,0
Gambling & Casinos  ==> casinos,20,0
Finance and Investments  ==> hedge funds,20,0
Diversified  ==> diversified,20,0
Automotive  ==> Tesla Motors,19,0
Diversified  ==> diversified,19,0
Fashion & Retail  ==> fashion retail,19,0
"Metals & Mining  ==> steel, transport",19,0
"Philanthropy/NGO  ==> Apple, Disney",18,0
Technology  ==> software services,18,0
"Metals & Mining  ==> steel, investments",18,0
Diversified  ==> Samsung,18,0
Metals & Mining  ==> steel,18,0
Service  ==> package delivery,18,0
"Energy  ==> gas, chemicals",18,0
"Food and Beverage  ==> drinks, real estate",17,0
Construction & Engineering  ==> construction,17,0
Finance and Investments  ==> hedge funds,17,0
Manufacturing  ==> sensors,17,0
Technology  ==> online games,17,0
"Finance and Investments  ==> banking, tobacco",17,0
Metals & Mining  ==> mining,17,-1
Metals & Mining  ==> mining,17,0
Finance and Investments  ==> investments,16,0
Fashion & Retail  ==> H&M,16,0
"Manufacturing  ==> banking, tobacco",16,0
Real Estate  ==> real estate,16,0
Real Estate  ==> real estate,16,0
Energy  ==> oil,16,0
Manufacturing  ==> chemicals,16,0
Real Estate  ==> real estate,16,0
Metals & Mining  ==> mining,16,0
"Energy  ==> oil, gas",16,0
Finance and Investments  ==> money management,15,0
Metals & Mining  ==> metals,15,0
Fashion & Retail  ==> Walmart,15,0
Food and Beverage  ==> Heineken,15,0
Technology  ==> internet media,15,0
Finance and Investments  ==> banking,15,0
"Energy  ==> coal, fertilizers",15,0
"Real Estate  ==> investments, real estate",15,0
Logistics  ==> shipping,15,0
Automotive  ==> automobiles,15,0
"Energy  ==> oil, banking, telecom",15,0
"Media & Entertainment  ==> newspapers, TV network",15,0
Diversified  ==> diversified,14,0
"Diversified  ==> palm oil, shipping, property",14,0
Food and Beverage  ==> cheese,14,0
Technology  ==> software services,14,0
"Energy  ==> metals, energy",14,0
"Manufacturing  ==> cement, sugar, flour",14,0
Energy  ==> oil & gas,14,0
Finance and Investments  ==> hedge funds,14,0
Technology  ==> Facebook,14,0
Food and Beverage  ==> beer,14,-546
Manufacturing  ==> fasteners,13,0
Media & Entertainment  ==> satellite TV,13,0
Technology  ==> Google,13,0
Finance and Investments  ==> investments,13,0
Media & Entertainment  ==> media,13,0
Media & Entertainment  ==> media,13,0
Fashion & Retail  ==> Chanel,13,0
Fashion & Retail  ==> Chanel,13,0
Fashion & Retail  ==> Estee Lauder,12,0
Construction & Engineering  ==> brakes,12,0
Healthcare  ==> pharmaceuticals,12,0
Technology  ==> software,12,0
Finance and Investments  ==> investments,12,0
Technology  ==> smartphones,12,0
Manufacturing  ==> packaging,12,0
"Metals & Mining  ==> steel, telecom, investments",12,0
Media & Entertainment  ==> media,12,0
Real Estate  ==> real estate,12,0
Finance and Investments  ==> banking,12,0
Technology  ==> internet search,12,0
Food and Beverage  ==> beer,12,-546
Healthcare  ==> biotech,11,0
Diversified  ==> commodities,11,0
Real Estate  ==> real estate,11,0
Fashion & Retail  ==> drugstores,11,-4
Technology  ==> software,11,0
"Metals & Mining  ==> mining, copper products",11,0
"Finance and Investments  ==> banks, real estate",11,0
"Food and Beverage  ==> Oyster sauce, real estate",11,0
Fashion & Retail  ==> home improvement stores,11,0
"Food and Beverage  ==> snacks, beverages",11,0
Technology  ==> security software,11,0
Finance and Investments  ==> video surveillance,11,0
"Fashion & Retail  ==> retail, real estate",11,0
Finance and Investments  ==> hedge funds,11,0
"Diversified  ==> steel, investments",10,0
Technology  ==> e-commerce,10,0
Real Estate  ==> real estate,10,0
Metals & Mining  ==> mining,10,-67
Finance and Investments  ==> banking,10,0
Technology  ==> eBay,10,0
Service  ==> consulting,10,0
Technology  ==> software,10,0
Finance and Investments  ==> investments,10,0
Technology  ==> Facebook,10,0
Real Estate  ==> real estate,10,0
"Finance and Investments  ==> investments, retail",10,0
"Energy  ==> oil, banking, telecom",9,0
Finance and Investments  ==> leveraged buyouts,9,0
"Diversified  ==> commodities, ports",9,0
Service  ==> Carnival Cruises,9,0
Technology  ==> electronics,9,0
Technology  ==> e-commerce,9,0
Healthcare  ==> health care,9,0
Finance and Investments  ==> investments,9,3
Fashion & Retail  ==> retail,9,0
Food and Beverage  ==> beverages,9,0
"Diversified  ==> real estate, shipping",9,9
Finance and Investments  ==> discount brokerage,9,0
Logistics  ==> Shipping,9,0
Manufacturing  ==> plumbing fixtures,9,0
Manufacturing  ==> steel,9,0
Real Estate  ==> real estate,9,0
Finance and Investments  ==> investments,9,0
Diversified  ==> conglomerate,9,0
Technology  ==> WhatsApp,9,0
Healthcare  ==> vaccines,9,0
Technology  ==> software,9,0
Finance and Investments  ==> hedge funds,9,0
Fashion & Retail  ==> luxury goods,8,0
"Healthcare  ==> biotech, investments",8,0
Metals & Mining  ==> steel,8,0
Telecom  ==> telecom,8,0
Media & Entertainment  ==> media,8,0
Media & Entertainment  ==> media,8,0
Media & Entertainment  ==> media,8,0
Technology  ==> electronics,8,0
Technology  ==> Intel,8,0
Diversified  ==> diversified,8,0
"Sports  ==> sports, real estate",8,0
Finance and Investments  ==> investments,8,0
Gambling & Casinos  ==> gambling,8,0
Diversified  ==> conglomerate,8,0
Media & Entertainment  ==> cable television,8,0
"Telecom  ==> internet, telecom",8,0
Diversified  ==> media,8,0
Healthcare  ==> medical devices,8,0
"Media & Entertainment  ==> movies, record labels",8,0
Real Estate  ==> real estate,8,0
Real Estate  ==> real estate,8,0
Finance and Investments  ==> hedge funds,8,0
Finance and Investments  ==> money management,7,0
Healthcare  ==> pharmaceuticals,7,0
Technology  ==> business software,7,0
"Energy  ==> oil & gas, banking",7,0
Healthcare  ==> pharmaceuticals,7,-20
Technology  ==> smartphone screens,7,0
Metals & Mining  ==> diamonds,7,0
Healthcare  ==> pharmaceuticals,7,0
Real Estate  ==> real estate,7,0
"Energy  ==> oil, banking, telecom",7,0
Real Estate  ==> real estate,7,0
Finance and Investments  ==> investments,7,0
Food and Beverage  ==> Cargill,7,0
Diversified  ==> Samsung,7,0
Fashion & Retail  ==> fashion retail,7,0
Finance and Investments  ==> investments,7,0
"Energy  ==> hotels, energy",7,0
"Metals & Mining  ==> mining, metals, machinery",7,0
Healthcare  ==> health care,7,0
Real Estate  ==> real estate,7,0
Fashion & Retail  ==> Walmart,7,0
Automotive  ==> auto parts,7,0
"Telecom  ==> telecoms, media, oil-services",7,0
Energy  ==> oil,7,0
"Diversified  ==> banking, property",7,0
Real Estate  ==> real estate,7,0
Technology  ==> venture capital,7,0
Telecom  ==> telecom,7,0
Food and Beverage  ==> beverages,7,0
Construction & Engineering  ==> Construction,7,0
"Fashion & Retail  ==> retail, media",7,0
Fashion & Retail  ==> cosmetics,7,0
Finance and Investments  ==> financial services,7,0
Logistics  ==> shipping,7,0
Manufacturing  ==> paints,7,0
Manufacturing  ==> polyester,7,0
Real Estate  ==> real estate,7,0
Food and Beverage  ==> packaging,7,0
Fashion & Retail  ==> luxury goods,7,0
Logistics  ==> shipping,7,0
Food and Beverage  ==> wine,7,0
Energy  ==> oil,6,0
Technology  ==> online games,6,0
Fashion & Retail  ==> Zara,6,0
Diversified  ==> diversified,6,0
Finance and Investments  ==> hedge funds,6,0
Real Estate  ==> real estate,6,0
Fashion & Retail  ==> retail,6,0
Fashion & Retail  ==> supermarkets,6,0
Manufacturing  ==> fertilizer,6,0
"Food and Beverage  ==> food, beverages",6,0
Technology  ==> Google,6,0
"Metals & Mining  ==> aluminum, utilities",6,0
Service  ==> diversified,6,0
Finance and Investments  ==> pharmaceuticals,6,0
Technology  ==> WhatsApp,6,0
Finance and Investments  ==> private equity,6,0
Fashion & Retail  ==> Walmart,6,0
Food and Beverage  ==> candy,6,0
Food and Beverage  ==> packaging,6,0
Food and Beverage  ==> packaging,6,0
"Fashion & Retail  ==> retail, real estate",6,0
"Construction & Engineering  ==> construction, chemicals",6,0
Finance and Investments  ==> banking,6,0
Energy  ==> wind turbines,6,0
Finance and Investments  ==> private equity,6,0
Metals & Mining  ==> mining,6,0
Finance and Investments  ==> hedge funds,6,0
Automotive  ==> automobiles,6,0
Real Estate  ==> real estate,6,0
Fashion & Retail  ==> retail,6,0
Media & Entertainment  ==> advertising,6,0
Finance and Investments  ==> investments,6,0
Real Estate  ==> real estate,6,0
Food and Beverage  ==> soy sauce maker,6,0
Finance and Investments  ==> hedge funds,6,0
Real Estate  ==> real estate,6,0
Real Estate  ==> real estate,6,0
Food and Beverage  ==> consumer goods,6,0
Healthcare  ==> optometry,6,0
Finance and Investments  ==> Quicken Loans,6,0
Diversified  ==> diversified,6,0
Automotive  ==> motorcycles,6,0
Real Estate  ==> real estate,6,0
Automotive  ==> auto parts,6,0
Finance and Investments  ==> investments,6,0
Energy  ==> pipelines,6,0
Sports  ==> New England Patriots,6,0
Fashion & Retail  ==> Ralph Lauren,6,-3
Finance and Investments  ==> banking,6,0
Food and Beverage  ==> consumer goods,6,0
Service  ==> food services,6,0
Fashion & Retail  ==> retail,6,-1
Manufacturing  ==> cement,6,0
Technology  ==> Google,6,0
"Fashion & Retail  ==> textiles, apparel",6,0
Food and Beverage  ==> Cargill,6,0
Diversified  ==> diversified,6,0
Automotive  ==> auto parts,6,0
Finance and Investments  ==> banking,6,0
Diversified  ==> diversified,5,4
"Food and Beverage  ==> beer, investments",5,0
Technology  ==> internet service provider,5,0
Real Estate  ==> shopping malls,5,0
Healthcare  ==> pharmaceuticals,5,0
"Food and Beverage  ==> candy, pet food",5,0
"Food and Beverage  ==> candy, pet food",5,0
"Food and Beverage  ==> candy, pet food",5,0
"Food and Beverage  ==> candy, pet food",5,0
"Diversified  ==> media, retail",5,0
Diversified  ==> food and beverage,5,0
Technology  ==> online games,5,0
Fashion & Retail  ==> Walmart,5,0
Real Estate  ==> real estate,5,0
Fashion & Retail  ==> retail & gas stations,5,0
Energy  ==> investments,5,0
"Logistics  ==> construction, mining",5,0
Manufacturing  ==> furniture,5,0
Fashion & Retail  ==> appliance retailer,5,0
Food and Beverage  ==> tequila,5,0
Technology  ==> computer hardware,5,0
Technology  ==> computer hardware,5,0
Manufacturing  ==> heating equipment,5,0
Manufacturing  ==> metalworking tools,5,0
Healthcare  ==> medical devices,5,0
Manufacturing  ==> vacuums,5,0
Fashion & Retail  ==> diamond jewelry,5,0
Technology  ==> semiconductors,5,0
Finance and Investments  ==> money management,5,0
Sports  ==> Dallas Cowboys,5,0
Real Estate  ==> real estate,5,0
Real Estate  ==> Real Estate,5,0
"Manufacturing  ==> palm oil, property",5,0
Real Estate  ==> real estate,5,0
Manufacturing  ==> motors,5,0
Manufacturing  ==> manufacturing,5,0
Media & Entertainment  ==> publishing,5,0
Manufacturing  ==> electronics,5,0
"Metals & Mining  ==> steel, coal",5,0
Service  ==> Carnival Cruises,5,37
Energy  ==> pipelines,5,0
Manufacturing  ==> chemicals,5,0
Manufacturing  ==> chemicals,5,0
Energy  ==> pipelines,5,0
Energy  ==> pipelines,5,0
Construction & Engineering  ==> roofing,5,0
Manufacturing  ==> chemicals,5,0
Fashion & Retail  ==> online retail,5,0
Gambling & Casinos  ==> videogames,5,0
"Real Estate  ==> real estate, finance",5,0
Manufacturing  ==> manufacturing,5,0
Manufacturing  ==> chemicals,5,0
Energy  ==> pipelines,5,0
Service  ==> after-school tutoring,5,0
Metals & Mining  ==> aluminum products,5,0
Food and Beverage  ==> cheese,5,0
Food and Beverage  ==> cheese,5,0
Service  ==> Amway,5,0
Fashion & Retail  ==> coffee,5,0
Fashion & Retail  ==> coffee,5,0
Manufacturing  ==> Lego,5,0
Manufacturing  ==> Lego,5,0
Manufacturing  ==> Lego,5,0
Manufacturing  ==> smartphone screens,5,0
Technology  ==> electronics,5,0
Food and Beverage  ==> commodities,5,0
Finance and Investments  ==> private equity,5,0
Real Estate  ==> real estate,5,0
Manufacturing  ==> Lego,5,0
"Diversified  ==> telecom, oil",5,0
Manufacturing  ==> New Balance,5,0
Technology  ==> Yahoo,5,530
Gambling & Casinos  ==> casinos,5,0
Finance and Investments  ==> private equity,5,0
Food and Beverage  ==> cheese,5,0
"Manufacturing  ==> chemicals, logistics",5,0
"Metals & Mining  ==> steel, mining",5,0
Finance and Investments  ==> hedge funds,5,0
Service  ==> temp agency,5,0
"Food and Beverage  ==> pizza, sports team",5,0
Finance and Investments  ==> hedge funds,5,0
Media & Entertainment  ==> Star Wars,5,0
Media & Entertainment  ==> media,5,0
Media & Entertainment  ==> publishing,5,0
Food and Beverage  ==> frozen foods,5,0
"Automotive  ==> batteries, automobiles",5,0
"Diversified  ==> energy, investments",5,0
"Energy  ==> oil, banking, telecom",5,0
Fashion & Retail  ==> Home Depot,5,0
"Diversified  ==> banking, minerals",5,0
Logistics  ==> FedEx,5,0
Healthcare  ==> medical equipment,5,0
Diversified  ==> Virgin,5,0
Media & Entertainment  ==> media,5,0
Gambling & Casinos  ==> online gambling,5,0
"Media & Entertainment  ==> book distribution, transportation",5,0
Real Estate  ==> real estate,5,0
Finance and Investments  ==> investments,5,0
Manufacturing  ==> appliances,5,0
"Diversified  ==> banking, minerals",5,0
"Diversified  ==> banking, minerals",5,0
"Finance and Investments  ==> banking, minerals",5,0
Healthcare  ==> pharmaceuticals,5,0
"Service  ==> hotels, investments",5,0
Construction & Engineering  ==> cement,5,0
Fashion & Retail  ==> duty-free,5,0
Manufacturing  ==> diapers,5,0
Fashion & Retail  ==> retail,5,0
"Energy  ==> oil, investments",4,0
Technology  ==> business software,4,0
"Construction & Engineering  ==> construction, media",4,0
Automotive  ==> motor vehicles,4,0
Media & Entertainment  ==> cable television,4,0
"Energy  ==> oil, real estate",4,0
Service  ==> agribusiness,4,0
Finance and Investments  ==> hedge funds,4,0
Healthcare  ==> pharmaceuticals,4,0
Logistics  ==> ports,4,0
Media & Entertainment  ==> media,4,0
Metals & Mining  ==> pipe manufacturing,4,0
Healthcare  ==> medical devices,4,0
Finance and Investments  ==> hedge funds,4,0
Metals & Mining  ==> steel,4,0
Finance and Investments  ==> mining,4,0
"Real Estate  ==> real estate, private equity",4,0
Fashion & Retail  ==> fashion retail,4,0
Diversified  ==> diversified,4,0
Technology  ==> Uber,4,0
Food and Beverage  ==> Chick-fil-A,4,0
Food and Beverage  ==> Chick-fil-A,4,0
Technology  ==> surveillance equipment,4,0
Fashion & Retail  ==> fashion retail,4,0
"Energy  ==> oil, real estate",4,0
Finance and Investments  ==> money management,4,0
Technology  ==> Uber,4,0
Metals & Mining  ==> metals,4,0
Fashion & Retail  ==> retail,4,0
Metals & Mining  ==> fertilizer,4,0
Energy  ==> oil & gas,4,0
Gambling & Casinos  ==> online gambling,4,0
Technology  ==> eBay,4,0
Food and Beverage  ==> food,4,0
Finance and Investments  ==> investments,4,0
Finance and Investments  ==> investments,4,0
Finance and Investments  ==> investments,4,0
Manufacturing  ==> auto parts,4,0
Healthcare  ==> hospitals,4,0
Media & Entertainment  ==> record label,4,0
Finance and Investments  ==> hedge funds,4,0
Real Estate  ==> real estate,4,0
Manufacturing  ==> petrochemicals,4,0
Gambling & Casinos  ==> casinos,4,0
Healthcare  ==> medical devices,4,0
"Real Estate  ==> real estate, investments",4,0
Food and Beverage  ==> Cargill,4,0
Food and Beverage  ==> food distribution,4,0
Food and Beverage  ==> food distribution,4,0
Real Estate  ==> real estate,4,0
Real Estate  ==> real estate,4,0
Diversified  ==> diversified,4,0
"Real Estate  ==> real estate, retail",4,0
Food and Beverage  ==> agriculture,4,0
Diversified  ==> biotech,4,0
Real Estate  ==> real estate,4,0
Finance and Investments  ==> investments,4,0
Service  ==> concessions,4,0
Finance and Investments  ==> cryptocurrency,4,0
Manufacturing  ==> paper,4,0
Manufacturing  ==> construction equipment,4,0
Telecom  ==> telecom,4,0
Service  ==> airlines,4,0
Food and Beverage  ==> spirits,4,0
"Telecom  ==> IT, telecom",4,0
Manufacturing  ==> steel,4,0
Manufacturing  ==> fertilizers,4,0
Service  ==> education,4,0
Real Estate  ==> real estate,4,0
Finance and Investments  ==> hedge funds,4,0
Fashion & Retail  ==> retail,4,0
Finance and Investments  ==> banking,4,0
Fashion & Retail  ==> supermarkets,4,0
Technology  ==> software,4,0
Real Estate  ==> real estate,4,0
Healthcare  ==> pharmaceuticals,4,0
Construction & Engineering  ==> construction equipment,4,0
Real Estate  ==> real estate,4,0
Finance and Investments  ==> banking,4,0
Service  ==> hotels,4,0
Metals & Mining  ==> mining,4,0
Gambling & Casinos  ==> gambling,4,0
Service  ==> self storage,4,0
Fashion & Retail  ==> retail,4,0
Fashion & Retail  ==> grocery stores,4,0
Telecom  ==> telecom,4,0
Fashion & Retail  ==> sporting goods retail,4,0
Food and Beverage  ==> dairy,4,0
Fashion & Retail  ==> home furnishings,4,0
Fashion & Retail  ==> consumer goods,4,0
Fashion & Retail  ==> consumer goods,4,0
Fashion & Retail  ==> consumer goods,4,0
Fashion & Retail  ==> consumer goods,4,0
Finance and Investments  ==> private equity,4,0
Food and Beverage  ==> energy drinks,4,0
Fashion & Retail  ==> retail,4,0
Automotive  ==> motorcycles,4,0
Manufacturing  ==> auto parts,4,0
Telecom  ==> telecom,4,0
Fashion & Retail  ==> coffee makers,4,0
"Food and Beverage  ==> Houston Rockets, entertainment",4,0
"Fashion & Retail  ==> retail, real estate",4,0
Energy  ==> natural gas,4,0
Technology  ==> wireless networking gear,4,0
Service  ==> pest control,4,0
Service  ==> pest control,4,0
Food and Beverage  ==> beer,4,0
Food and Beverage  ==> beer,4,0
Diversified  ==> diversified,4,0
Fashion & Retail  ==> retail,4,0
"Sports  ==> staffing, Baltimore Ravens",4,0
Food and Beverage  ==> Cargill,4,0
Food and Beverage  ==> Cargill,4,0
"Manufacturing  ==> timberland, lumber mills",4,0
"Manufacturing  ==> elevators, escalators",4,0
Diversified  ==> diversified,4,0
Fashion & Retail  ==> retail,4,0
Food and Beverage  ==> Cargill,4,0
Technology  ==> Snapchat,4,0
Real Estate  ==> real estate,4,0
"Energy  ==> utilities, telecom",4,0
Finance and Investments  ==> investments,4,0
Energy  ==> natural gas distribution,4,0
Finance and Investments  ==> investments,4,0
Sports  ==> Home Depot,4,0
Diversified  ==> diversified,4,0
Technology  ==> mapping software,4,0
Energy  ==> petrochemicals,4,0
Real Estate  ==> shopping malls,4,0
Fashion & Retail  ==> sunglasses,4,0
Diversified  ==> diversified,4,-19
Real Estate  ==> real estate,4,0
Automotive  ==> motorcycles,4,0
Food and Beverage  ==> candy,4,0
Gambling & Casinos  ==> casinos,4,0
Media & Entertainment  ==> Marvel comics,4,0
"Diversified  ==> computer services, real estate",4,0
Manufacturing  ==> kitchen appliances,4,0
"Finance and Investments  ==> hotels, investments",4,0
Finance and Investments  ==> hedge funds,4,0
Fashion & Retail  ==> fashion,4,0
Real Estate  ==> real estate,4,23
Telecom  ==> mobile phone retailer,4,0
Technology  ==> Snapchat,4,0
Technology  ==> e-commerce,4,0
Energy  ==> pipelines,4,0
Real Estate  ==> real estate,4,0
Real Estate  ==> retail,4,0
Healthcare  ==> medical technology,4,0
Fashion & Retail  ==> furniture retailing,4,0
Technology  ==> Dolby Laboratories,4,0
"Healthcare  ==> pharmaceuticals, medical equipment",4,0
Automotive  ==> Toyota dealerships,4,0
Fashion & Retail  ==> retail,4,0
Real Estate  ==> real estate,4,0
Construction & Engineering  ==> construction,4,0
Fashion & Retail  ==> Estee Lauder,4,0
Fashion & Retail  ==> sporting goods,4,0
Technology  ==> venture capital,4,3
Food and Beverage  ==> food,4,0
Telecom  ==> telecom,4,0
Fashion & Retail  ==> Best Buy,4,0
Healthcare  ==> healthcare,4,0
Real Estate  ==> real estate,4,0
Food and Beverage  ==> food,4,0
Logistics  ==> package delivery,4,0
Metals & Mining  ==> aluminum,4,0
Technology  ==> software,4,0
Diversified  ==> diversified,3,0
Real Estate  ==> real estate,3,0
Finance and Investments  ==> private equity,3,0
Finance and Investments  ==> financial services,3,0
Finance and Investments  ==> coffee,3,0
Finance and Investments  ==> coffee,3,0
Fashion & Retail  ==> retail,3,0
Technology  ==> electronics,3,0
Diversified  ==> diversified,3,0
Construction & Engineering  ==> construction,3,0
"Food and Beverage  ==> agriculture, water",3,0
Real Estate  ==> real estate,3,0
Food and Beverage  ==> agriculture,3,0
Finance and Investments  ==> banking,3,0
Service  ==> aircraft leasing,3,0
Healthcare  ==> dental implants,3,0
Technology  ==> Airbnb,3,0
Media & Entertainment  ==> publishing,3,0
Finance and Investments  ==> insurance,3,0
Technology  ==> Airbnb,3,0
Diversified  ==> investments,3,-71
Technology  ==> Airbnb,3,0
Construction & Engineering  ==> homebuilding,3,0
"Real Estate  ==> real estate, investments",3,0
Manufacturing  ==> chemicals,3,0
Finance and Investments  ==> diversified,3,0
Real Estate  ==> real estate,3,0
"Sports  ==> energy, sports",3,0
Fashion & Retail  ==> shoes,3,0
Real Estate  ==> real estate,3,0
Finance and Investments  ==> investments,3,0
Technology  ==> semiconductors,3,0
Technology  ==> smartphone components,3,0
Diversified  ==> diversified,3,-8
Food and Beverage  ==> beverages,3,0
Media & Entertainment  ==> online media,3,0
Finance and Investments  ==> money management,3,0
Finance and Investments  ==> banking,3,0
Finance and Investments  ==> hedge funds,3,0
Manufacturing  ==> cleaning products,3,0
Manufacturing  ==> cleaning products,3,0
Manufacturing  ==> cleaning products,3,0
Manufacturing  ==> cleaning products,3,0
Manufacturing  ==> cleaning products,3,0
"Manufacturing  ==> fertilizer, real estate",3,0
Construction & Engineering  ==> real estate,3,0
Finance and Investments  ==> finance,3,0
Gambling & Casinos  ==> casinos,3,0
Manufacturing  ==> hair dryers,3,0
Real Estate  ==> real estate,3,0
Finance and Investments  ==> investments,3,0
Finance and Investments  ==> tech investments,3,0
Healthcare  ==> pharmaceuticals,3,0
Healthcare  ==> pharmaceuticals,3,0
Healthcare  ==> pharmaceuticals,3,0
Real Estate  ==> real estate,3,-8
Diversified  ==> diversified,3,0
Fashion & Retail  ==> sports retailing,3,0
Healthcare  ==> pharmaceuticals,3,0
Energy  ==> oil,3,0
Healthcare  ==> vaccine production,3,0
Finance and Investments  ==> money management,3,0
Finance and Investments  ==> money management,3,0
Finance and Investments  ==> investments,3,0
Healthcare  ==> pharmaceuticals,3,0
Manufacturing  ==> manufacturing,3,0
Healthcare  ==> biotech,3,0
"Diversified  ==> drilling, shipping",3,6
Diversified  ==> consumer goods,3,0
Food and Beverage  ==> pig breeding,3,0
Fashion & Retail  ==> fashion retail,3,0
Energy  ==> energy,3,0
Finance and Investments  ==> discount brokerage,3,0
Media & Entertainment  ==> Movies,3,0
Automotive  ==> auto parts,3,0
Logistics  ==> cruise ships,3,0
Healthcare  ==> pharmaceuticals,3,0
Real Estate  ==> real estate,3,0
Real Estate  ==> real estate,3,0
Manufacturing  ==> chemicals,3,0
"Fashion & Retail  ==> fashion retail, investments",3,0
"Fashion & Retail  ==> fashion retail, investments",3,0
"Fashion & Retail  ==> fashion retail, investments",3,0
"Fashion & Retail  ==> fashion retail, investments",3,0
Healthcare  ==> hospitals,3,0
Manufacturing  ==> paints,3,0
Fashion & Retail  ==> retail,3,0
Sports  ==> Formula One,3,0
Technology  ==> health IT,3,0
"Real Estate  ==> real estate, finance",3,0
Finance and Investments  ==> private equity,3,0
Energy  ==> oil,3,0
Construction & Engineering  ==> engineering,3,0
Service  ==> airport,3,0
Finance and Investments  ==> venture capital,3,0
Real Estate  ==> real estate,3,0
Media & Entertainment  ==> movie making,3,0
"Diversified  ==> retail, real estate",3,0
"Service  ==> hotels, investments",3,0
"Finance and Investments  ==> hotels, investments",3,0
"Manufacturing  ==> manufacturing, investments",3,0
"Logistics  ==> shipping, seafood",3,0
"Finance and Investments  ==> banking, real estate",3,0
Real Estate  ==> real estate,3,0
Diversified  ==> diversified,3,0
Diversified  ==> diversified,3,0
Food and Beverage  ==> meat processing,3,0
Energy  ==> energy,3,0
Metals & Mining  ==> metals,3,0
"Construction & Engineering  ==> engineering, construction",3,0
"Construction & Engineering  ==> engineering, construction",3,0
Technology  ==> software,3,0
Construction & Engineering  ==> construction,3,0
Manufacturing  ==> chemicals,3,0
Technology  ==> software,3,0
"Logistics  ==> logistics, real estate",3,0
"Fashion & Retail  ==> gas stations, retail",3,0
Fashion & Retail  ==> retail,3,0
Technology  ==> navigation equipment,3,0
Technology  ==> internet search,3,0
Healthcare  ==> medical devices,3,0
"Logistics  ==> real estate, airport",3,0
Finance and Investments  ==> finance,3,0
Diversified  ==> diversified,3,0
Gambling & Casinos  ==> gambling software,3,3
Telecom  ==> telecom,3,0
"Logistics  ==> real estate, airport",3,0
Diversified  ==> diversified,3,0
Real Estate  ==> real estate,3,0
Construction & Engineering  ==> construction,3,0
"Gambling & Casinos  ==> casinos, hotels",3,0
"Metals & Mining  ==> mining, metals",3,0
"Automotive  ==> auto dealers, investments",3,0
Finance and Investments  ==> hedge funds,3,0
"Energy  ==> oil, investments",3,0
Fashion & Retail  ==> retail,3,0
Healthcare  ==> medical equipment,3,0
"Finance and Investments  ==> insurance, beverages",3,0
"Gambling & Casinos  ==> casinos, property, energy",3,0
Real Estate  ==> real estate,3,0
Manufacturing  ==> paints,3,0
Service  ==> airline,3,0
Technology  ==> LinkedIn,3,0
Media & Entertainment  ==> cable television,3,0
Real Estate  ==> real estate,3,0
"Real Estate  ==> hotels, motels",3,0
Finance and Investments  ==> investments,3,0
Real Estate  ==> real estate,3,0
Finance and Investments  ==> investments,3,0
Manufacturing  ==> aluminum products,3,0
Manufacturing  ==> chemicals,3,0
Food and Beverage  ==> Campbell Soup,3,0
Technology  ==> semiconductors,3,0
Real Estate  ==> real estate,3,0
Healthcare  ==> medical equipment,3,0
Finance and Investments  ==> real estate,3,0
Food and Beverage  ==> flavorings,3,0
Media & Entertainment  ==> media,3,0
Fashion & Retail  ==> luxury goods,3,0
Real Estate  ==> real estate,3,0
Food and Beverage  ==> restaurants,3,0
Technology  ==> software,3,0
Finance and Investments  ==> hedge funds,3,0
"Fashion & Retail  ==> hair products, tequila",3,0
Finance and Investments  ==> investments,3,0
Food and Beverage  ==> beer,3,0
Finance and Investments  ==> finance,3,0
Service  ==> payroll services,3,-4
Construction & Engineering  ==> engineering,3,0
Technology  ==> acoustic components,3,0
Gambling & Casinos  ==> lotteries,3,0
Fashion & Retail  ==> furniture retailing,3,0
Finance and Investments  ==> banking,3,1
Finance and Investments  ==> banking,3,1
"Diversified  ==> banking, shipping",3,0
Finance and Investments  ==> hedge funds,3,0
Automotive  ==> tires,3,0
Energy  ==> energy,3,0
Healthcare  ==> pharmaceuticals,3,0
Manufacturing  ==> prosthetics,3,0
Service  ==> logistics,3,0
Finance and Investments  ==> hedge funds,3,0
Fashion & Retail  ==> luxury goods,3,0
Finance and Investments  ==> private equity,3,0
"Media & Entertainment  ==> TV network, investments",3,2
Finance and Investments  ==> banking,3,0
Fashion & Retail  ==> retail,3,0
"Energy  ==> oil & gas, investments",3,0
Automotive  ==> U-Haul,3,0
Finance and Investments  ==> investments,3,0
Finance and Investments  ==> finance,3,0
Finance and Investments  ==> finance,3,0
Technology  ==> drones,3,0
Technology  ==> eBay,3,-2
"Energy  ==> oil, real estate",3,0
Fashion & Retail  ==> fashion retail,3,0
Healthcare  ==> pharmaceuticals,3,0
Media & Entertainment  ==> online media,3,0
Technology  ==> Twitter,3,0
Real Estate  ==> real estate,3,0
Real Estate  ==> real estate,3,0
Real Estate  ==> real estate,3,0
Real Estate  ==> real estate,3,0
Diversified  ==> pharmacies,3,0
Real Estate  ==> real estate,3,0
Metals & Mining  ==> mining,3,0
Logistics  ==> package delivery,3,0
Gambling & Casinos  ==> gambling,3,0
Food and Beverage  ==> cheese,3,0
Diversified  ==> conglomerate,3,0
Fashion & Retail  ==> retail,3,0
Diversified  ==> airlines,3,0
Diversified  ==> diversified,3,0
Manufacturing  ==> kitchen appliances,3,0
Food and Beverage  ==> Food & Beverage,3,0
"Diversified  ==> construction equipment, media",3,-3
"Real Estate  ==> television, real estate",3,0
Technology  ==> software,3,0
Technology  ==> healthcare services,3,0
Finance and Investments  ==> Investment Management,3,0
Healthcare  ==> pharmaceuticals,3,0
Healthcare  ==> pharmaceuticals,3,0
Sports  ==> New Orleans Saints,3,0
Technology  ==> venture capital,3,0
Energy  ==> oil & gas,3,0
Healthcare  ==> pharmaceuticals,3,0
Finance and Investments  ==> financial services,3,0
Technology  ==> mobile payments,3,0
Manufacturing  ==> lasers,3,0
"Technology  ==> software, investments",3,0
Finance and Investments  ==> Hedge funds,3,0
Logistics  ==> trucking,3,0
Finance and Investments  ==> investments,3,0
"Automotive  ==> automobiles, batteries",3,0
Food and Beverage  ==> tobacco,3,0
Gambling & Casinos  ==> casinos,3,0
Real Estate  ==> real estate,3,0
Healthcare  ==> hospitals,3,0
"Service  ==> hotels, investments",3,0
Diversified  ==> diversified,3,0
"Construction & Engineering  ==> construction, pipes, banking",3,0
Fashion & Retail  ==> online retail,3,0
Food and Beverage  ==> Food & Beverage,3,0
Real Estate  ==> real estate,3,0
Food and Beverage  ==> meat processing,3,0
Real Estate  ==> real estate,3,0
Food and Beverage  ==> AriZona Beverages,3,0
Real Estate  ==> real estate,3,0
Telecom  ==> electronics,3,0
Technology  ==> online payment service,3,0
Food and Beverage  ==> fishing,2,0
Healthcare  ==> pharmaceuticals,2,0
Food and Beverage  ==> beverages,2,0
Technology  ==> electronics,2,0
Diversified  ==> consumer goods,2,0
Fashion & Retail  ==> sports apparel,2,0
"Metals & Mining  ==> copper, education",2,0
Finance and Investments  ==> banking,2,0
Service  ==> employment agency,2,0
Diversified  ==> consumer goods,2,0
Diversified  ==> consumer goods,2,0
Diversified  ==> consumer goods,2,0
Food and Beverage  ==> poultry processing,2,0
Service  ==> consulting,2,0
Healthcare  ==> pharmaceuticals,2,0
Healthcare  ==> pharmaceuticals,2,0
"Finance and Investments  ==> construction, investments",2,0
Real Estate  ==> real estate,2,0
Food and Beverage  ==> bakeries,2,0
Technology  ==> online retail,2,0
Service  ==> travel,2,0
"Finance and Investments  ==> chemicals, investments",2,0
Fashion & Retail  ==> drugstores,2,0
Diversified  ==> consumer goods,2,0
"Finance and Investments  ==> finance, diversified",2,0
Diversified  ==> petrochemicals,2,0
Technology  ==> Facebook,2,0
Technology  ==> business software,2,0
Finance and Investments  ==> hedge funds,2,0
Manufacturing  ==> blinds,2,0
Healthcare  ==> medical equipment,2,0
"Diversified  ==> real estate, construction",2,0
Finance and Investments  ==> finance,2,0
Finance and Investments  ==> electronic trading,2,0
Real Estate  ==> real estate,2,0
Technology  ==> electronics components,2,0
Technology  ==> electronics components,2,0
"Food and Beverage  ==> soft drinks, diversified",2,0
Finance and Investments  ==> private equity,2,0
Finance and Investments  ==> private equity,2,0
Service  ==> staffing & recruiting,2,0
Fashion & Retail  ==> sportswear,2,0
Food and Beverage  ==> Campbell Soup,2,0
Fashion & Retail  ==> Gap,2,0
Fashion & Retail  ==> Gap,2,0
Diversified  ==> conglomerate,2,0
Healthcare  ==> medical products,2,0
Real Estate  ==> real estate,2,0
Finance and Investments  ==> investments,2,0
Healthcare  ==> biotech,2,0
Manufacturing  ==> petrochemicals,2,0
Telecom  ==> telecom,2,0
Diversified  ==> art collection,2,0
Diversified  ==> diversified,2,0
Finance and Investments  ==> investments,2,0
"Finance and Investments  ==> hotels, investments",2,0
Fashion & Retail  ==> Hermes,2,0
Real Estate  ==> real estate,2,0
Finance and Investments  ==> private equity,2,0
"Diversified  ==> online games, investments",2,0
Media & Entertainment  ==> TV broadcasting,2,0
Logistics  ==> shipping,2,0
Finance and Investments  ==> finance,2,0
Food and Beverage  ==> chewing gum,2,0
"Real Estate  ==> real estate, media",2,0
"Construction & Engineering  ==> scaffolding, cement mixers",2,0
Diversified  ==> diversified,2,0
"Diversified  ==> forestry, mining",2,0
"Diversified  ==> hospitals, investments",2,0
"Diversified  ==> art, electronics",2,0
Energy  ==> pipelines,2,0
Real Estate  ==> shopping centers,2,0
Food and Beverage  ==> Campbell Soup,2,0
"Diversified  ==> airports, investments",2,0
Automotive  ==> automobiles,2,0
Manufacturing  ==> manufacturing,2,0
Manufacturing  ==> furniture,2,0
Finance and Investments  ==> auto loans,2,0
Media & Entertainment  ==> Netflix,2,0
Real Estate  ==> real estate,2,0
Sports  ==> Indianapolis Colts,2,0
Technology  ==> online services,2,0
Fashion & Retail  ==> fashion retail,2,0
Diversified  ==> diversified,2,0
Telecom  ==> telecom,2,0
Diversified  ==> diversified,2,0
Technology  ==> web hosting,2,0
"Media & Entertainment  ==> media, real estate",2,0
Service  ==> security services,2,0
"Diversified  ==> casinos, real estate",2,0
Food and Beverage  ==> Starbucks,2,0
Automotive  ==> U-Haul,2,0
Healthcare  ==> dental implants,2,0
Fashion & Retail  ==> fashion investments,2,0
Diversified  ==> diversified,2,0
Finance and Investments  ==> finance,2,0
Fashion & Retail  ==> nutrition and wellness products,2,0
Fashion & Retail  ==> fashion,2,-2
"Real Estate  ==> real estate, plush toys",2,0
Media & Entertainment  ==> TV shows,2,0
Fashion & Retail  ==> Retail,2,0
Real Estate  ==> real estate services,2,0
Finance and Investments  ==> investments,2,0
Diversified  ==> diversified,2,0
Technology  ==> online gaming,2,0
"Media & Entertainment  ==> media, investments",2,0
Finance and Investments  ==> private equity,2,0
"Construction & Engineering  ==> cement, diversified",2,0
Telecom  ==> mobile phones,2,0
Finance and Investments  ==> investments,2,0
Logistics  ==> logistics,2,0
Finance and Investments  ==> investments,2,0
Real Estate  ==> real estate,2,0
Healthcare  ==> pharmaceuticals,2,0
Healthcare  ==> hospitals,2,0
Service  ==> self storage,2,0
Energy  ==> energy generation,2,0
Real Estate  ==> real estate,2,0
Healthcare  ==> pharmaceuticals,2,0
"Diversified  ==> palm oil, property",2,0
Finance and Investments  ==> hedge funds,2,0
Healthcare  ==> laboratory services,2,0
"Metals & Mining  ==> mining, commodities",2,0
Technology  ==> electronics components,2,0
Healthcare  ==> hospitals,2,0
Diversified  ==> diversified,2,0
Technology  ==> Facebook,2,0
Real Estate  ==> real estate,2,0
Finance and Investments  ==> insurance,2,0
Media & Entertainment  ==> Bloomberg LP,2,0
Metals & Mining  ==> steel production,2,0
Real Estate  ==> real estate,2,0
Technology  ==> software,2,0
"Diversified  ==> aluminum, diversified",2,0
Finance and Investments  ==> investment banking,2,0
Service  ==> printing,2,0
Fashion & Retail  ==> shoes,2,0
Energy  ==> oil trading,2,0
"Metals & Mining  ==> mining, banking, hotels",2,0
Fashion & Retail  ==> Lululemon,2,0
Technology  ==> Yahoo,2,118
Technology  ==> touch screens,2,0
Construction & Engineering  ==> construction,2,0
Food and Beverage  ==> Diversified,2,0
"Energy  ==> oil, investments",2,0
"Energy  ==> oil, investments",2,0
Food and Beverage  ==> vodka,2,0
Energy  ==> oil & gas,2,0
Finance and Investments  ==> banking,2,0
"Automotive  ==> art, car dealerships",2,0
Automotive  ==> auto parts,2,0
Manufacturing  ==> auto parts,2,0
Gambling & Casinos  ==> online gambling,2,0
Manufacturing  ==> chemicals,2,0
Finance and Investments  ==> banking,2,0
"Media & Entertainment  ==> circus, live entertainment",2,0
Food and Beverage  ==> spirits,2,0
Finance and Investments  ==> hedge funds,2,0
Finance and Investments  ==> investments,2,0
Fashion & Retail  ==> consumer goods,2,0
Gambling & Casinos  ==> pachinko parlors,2,0
Sports  ==> sports,2,0
Gambling & Casinos  ==> casinos,2,1
Manufacturing  ==> hygiene products,2,0
Diversified  ==> diversified,2,0
Manufacturing  ==> synthetic gloves,2,0
Fashion & Retail  ==> cosmetics,2,0
Fashion & Retail  ==> cosmetics,2,0
Real Estate  ==> real estate,2,0
Fashion & Retail  ==> fashion retailer,2,0
Real Estate  ==> real estate,2,0
Manufacturing  ==> flooring,2,0
Finance and Investments  ==> investment research,2,0
Media & Entertainment  ==> media,2,0
Media & Entertainment  ==> media,2,0
Food and Beverage  ==> investments,2,0
"Metals & Mining  ==> mining, commodities",2,0
"Sports  ==> billboards, Anaheim Angels",2,0
Real Estate  ==> real estate,2,0
Real Estate  ==> WeWork,2,0
Real Estate  ==> real estate,2,0
Real Estate  ==> real estate,2,0
Manufacturing  ==> manufacturing,2,0
Healthcare  ==> pharmaceuticals,2,0
Finance and Investments  ==> hedge funds,2,0
Healthcare  ==> generic drugs,2,0
Finance and Investments  ==> investments,2,0
Service  ==> ticketing service,2,0
Technology  ==> Microsoft,2,0
Finance and Investments  ==> venture capital,2,15
Manufacturing  ==> hygiene products,2,0
Construction & Engineering  ==> construction,2,0
Fashion & Retail  ==> H&M,2,0
"Finance and Investments  ==> Facebook, Palantir",2,0
"Gambling & Casinos  ==> casinos, hotels",2,0
Sports  ==> San Francisco 49ers,2,0
Technology  ==> technology,2,0
Healthcare  ==> pharmaceuticals,2,0
"Real Estate  ==> real estate, investments",2,0
Real Estate  ==> real estate,2,0
Food and Beverage  ==> liquor,2,0
Food and Beverage  ==> Subway sandwich shops,2,0
Finance and Investments  ==> investments,2,0
Real Estate  ==> real estate,2,0
Manufacturing  ==> flavorings,2,0
Fashion & Retail  ==> drugstores,2,0
Food and Beverage  ==> orange juice,2,0
Manufacturing  ==> cement,2,0
Food and Beverage  ==> consumer goods,2,0
Finance and Investments  ==> banking,2,0
Finance and Investments  ==> private equity,2,0
Finance and Investments  ==> banking,2,0
Real Estate  ==> real estate,2,0
Automotive  ==> automobiles,2,0
Finance and Investments  ==> private equity,2,0
Real Estate  ==> real estate,2,0
Real Estate  ==> real estate,2,0
Fashion & Retail  ==> supermarkets,2,0
Finance and Investments  ==> investment,2,0
"Fashion & Retail  ==> tobacco distribution, retail",2,0
Manufacturing  ==> aluminum,2,0
Food and Beverage  ==> retail,2,0
Technology  ==> software,2,0
Finance and Investments  ==> investments,2,0
Media & Entertainment  ==> media,2,0
"Fashion & Retail  ==> Wal-Mart, logistics",2,0
Metals & Mining  ==> mining,2,0
Fashion & Retail  ==> consumer goods,2,0
Fashion & Retail  ==> consumer goods,2,0
Fashion & Retail  ==> consumer goods,2,0
Fashion & Retail  ==> consumer goods,2,0
Fashion & Retail  ==> consumer goods,2,0
Fashion & Retail  ==> consumer goods,2,0
"Service  ==> hotels, investments",2,0
"Finance and Investments  ==> hotels, investments",2,0
Fashion & Retail  ==> retail,2,0
Healthcare  ==> pharmaceuticals,2,0
Diversified  ==> diversified,2,0
Fashion & Retail  ==> consumer goods,2,0
Fashion & Retail  ==> hardware stores,2,0
"Sports  ==> real estate, Los Angeles Chargers",2,0
Healthcare  ==> pharmaceuticals,2,0
Real Estate  ==> real estate,2,0
Automotive  ==> auto repair,2,0
Service  ==> education,2,0
Finance and Investments  ==> private equity,2,0
Fashion & Retail  ==> retail,2,0
Service  ==> education,2,0
Technology  ==> Computer Associates,2,0
Real Estate  ==> real estate,2,0
Healthcare  ==> biotech,2,0
Finance and Investments  ==> finance,2,0
Healthcare  ==> pharmaceuticals,2,0
Logistics  ==> VistaJet,2,0
Healthcare  ==> pharmaceuticals,2,0
Diversified  ==> diversified,2,0
Finance and Investments  ==> investments,2,0
Manufacturing  ==> Detergents,2,0
Fashion & Retail  ==> truck stops,2,0
Healthcare  ==> pharmaceuticals,2,0
Energy  ==> oil,2,0
"Metals & Mining  ==> mining, metals",2,0
Logistics  ==> logistics,2,0
Real Estate  ==> tobacco,2,0
Technology  ==> venture capital,2,0
Finance and Investments  ==> financial services,2,0
Technology  ==> e-commerce,2,0
"Construction & Engineering  ==> construction, real estate",2,0
Finance and Investments  ==> investments,2,0
Finance and Investments  ==> textiles,2,0
"Metals & Mining  ==> mining, metals",2,0
Food and Beverage  ==> pet food,2,0
"Real Estate  ==> real estate, retail",2,0
Finance and Investments  ==> TD Ameritrade,2,0
Fashion & Retail  ==> drugstores,2,0
Diversified  ==> diversified,2,0
Sports  ==> Washington Redskins,2,0
Manufacturing  ==> train cars,2,0
Fashion & Retail  ==> fashion retail,2,0
Food and Beverage  ==> food processing,2,0
Manufacturing  ==> furniture,2,0
Finance and Investments  ==> banking,2,0
"Diversified  ==> petroleum, diversified",2,0
Finance and Investments  ==> money management,2,0
Diversified  ==> Diversified,2,0
Fashion & Retail  ==> Columbia Sportswear,2,0
Food and Beverage  ==> beer,2,0
Real Estate  ==> real estate,2,0
Finance and Investments  ==> hedge fund,2,0
Finance and Investments  ==> finance,2,0
Finance and Investments  ==> private equity,2,0
"Healthcare  ==> hospitals, health care",2,0
Finance and Investments  ==> banking,2,0
"Sports  ==> casinos, mixed martial arts",2,0
"Sports  ==> casinos, mixed martial arts",2,0
"Food and Beverage  ==> Nutella, chocolates",2,0
"Metals & Mining  ==> mining, steel",2,0
Automotive  ==> used cars,2,0
Fashion & Retail  ==> shoes,2,0
Manufacturing  ==> electrical equipment,2,0
Service  ==> cruises,2,0
Service  ==> landscape architecture,2,0
Technology  ==> SAP,2,0
Media & Entertainment  ==> DirecTV,2,0
Diversified  ==> investments,2,0
Diversified  ==> diversified,2,0
Real Estate  ==> real estate,2,0
Diversified  ==> Diversified,2,0
Healthcare  ==> dental products,2,0
Finance and Investments  ==> private equity,2,0
Technology  ==> Groupon,2,0
Finance and Investments  ==> investments,2,0
Technology  ==> optical components,2,0
Real Estate  ==> shopping centers,2,0
Technology  ==> health IT,2,0
Healthcare  ==> drug distribution,2,0
"Finance and Investments  ==> banking, credit cards",2,0
Food and Beverage  ==> beer,2,0
Fashion & Retail  ==> jewelry,2,0
Fashion & Retail  ==> retail,2,0
Real Estate  ==> real estate,2,0
Finance and Investments  ==> banking,2,0
Finance and Investments  ==> finance,2,0
Logistics  ==> shipping,2,0
Media & Entertainment  ==> cable television,2,0
Diversified  ==> diversified,2,0
Real Estate  ==> real estate,2,0
Real Estate  ==> real estate,2,0
Food and Beverage  ==> bakery chain,2,0
Media & Entertainment  ==> entertainment,2,0
Real Estate  ==> real estate,2,0
Fashion & Retail  ==> retail,2,0
Manufacturing  ==> plastics,2,0
Real Estate  ==> Real Estate,2,0
Automotive  ==> automobiles,2,0
Sports  ==> sports team,2,0
"Diversified  ==> forestry, mining",2,0
Food and Beverage  ==> frozen foods,2,0
"Energy  ==> oil, gas",2,0
Finance and Investments  ==> investments,2,0
Food and Beverage  ==> soy sauce,2,0
"Metals & Mining  ==> mining, metals",2,0
Real Estate  ==> hotels,2,0
Fashion & Retail  ==> hair care products,2,0
Media & Entertainment  ==> television,2,0
Real Estate  ==> hotels,2,0
Energy  ==> Getty Oil,2,0
Fashion & Retail  ==> retail stores,2,0
Diversified  ==> diversified,2,0
Finance and Investments  ==> private equity,2,0
Finance and Investments  ==> Investment,2,0
"Real Estate  ==> real estate, investments, logistics",2,0
Real Estate  ==> hotels,2,0
Real Estate  ==> real estate,2,0
Construction & Engineering  ==> construction,2,0
Food and Beverage  ==> soft drinks,2,0
Real Estate  ==> real estate,2,0
Real Estate  ==> real estate,2,0
Food and Beverage  ==> food processing,2,0
Manufacturing  ==> palm oil,2,0
Finance and Investments  ==> accounting services,2,0
Fashion & Retail  ==> drugstores,2,0
Manufacturing  ==> paper & related products,2,0
Healthcare  ==> medical devices,2,0
Food and Beverage  ==> nutrition supplements,2,0
Food and Beverage  ==> drugstores,2,0
Manufacturing  ==> valve manufacturing,2,0
Energy  ==> investments,2,0
Technology  ==> cooking appliances,2,0
Food and Beverage  ==> consumer goods,2,0
Logistics  ==> aircraft leasing,2,0
"Food and Beverage  ==> Dole, real estate",2,0
Technology  ==> software services,2,0
Technology  ==> software,2,0
Real Estate  ==> real estate,2,0
Healthcare  ==> Roche Holding,2,0
Diversified  ==> diversified,2,0
Real Estate  ==> real estate,2,0
Metals & Mining  ==> commodities,2,0
"Manufacturing  ==> manufacturing, investment",2,0
Healthcare  ==> pharmaceuticals,2,0
Finance and Investments  ==> insurance,2,0
"Technology  ==> venture capital, Google",2,0
Fashion & Retail  ==> cosmetics,2,0
Real Estate  ==> real estate,2,0
Real Estate  ==> real estate,2,0
"Finance and Investments  ==> real estate, investments",2,0
Real Estate  ==> real estate,2,0
Manufacturing  ==> furniture,2,0
"Media & Entertainment  ==> TV, movie production",2,0
Technology  ==> business software,2,0
Diversified  ==> conglomerate,2,0
Manufacturing  ==> solar panel materials,2,0
Diversified  ==> diversified,2,0
Food and Beverage  ==> Slim-Fast,2,0
Diversified  ==> pharmaceuticals,2,0
Energy  ==> oil & gas,2,0
Diversified  ==> investments,2,0
"Manufacturing  ==> metals, mining",2,0
Healthcare  ==> medical technology,2,0
Healthcare  ==> medical technology,2,0
Healthcare  ==> medical technology,2,0
"Finance and Investments  ==> supermarkets, investments",2,0
Food and Beverage  ==> consumer goods,2,0
Real Estate  ==> real estate,2,0
"Technology  ==> Netscape, investments",2,0
Energy  ==> coal,2,0
Food and Beverage  ==> Cargill,2,0
Healthcare  ==> pharmaceuticals,2,0
Automotive  ==> auto parts,2,0
Finance and Investments  ==> hedge funds,2,0
Healthcare  ==> pharmaceuticals,2,0
Finance and Investments  ==> insurance,2,0
Food and Beverage  ==> frozen foods,2,0
Finance and Investments  ==> insurance,2,0
Diversified  ==> banking,2,0
Fashion & Retail  ==> consumer goods,2,0
Healthcare  ==> pharmaceuticals,2,0
Automotive  ==> auto distribution,2,0
Healthcare  ==> pharmaceuticals,2,0
Finance and Investments  ==> private equity,2,0
Finance and Investments  ==> hedge funds,2,0
"Service  ==> computer services, tourism",2,0
"Diversified  ==> food products, entertainment",2,0
Construction & Engineering  ==> engineering,2,0
Healthcare  ==> biotech,2,0
Diversified  ==> diversified,2,0
Energy  ==> natural gas distribution,2,0
Sports  ==> Philadelphia Eagles,2,0
Healthcare  ==> pharmaceuticals,2,0
Food and Beverage  ==> Cargill,2,0
Finance and Investments  ==> private equity,2,0
Real Estate  ==> real estate,2,0
Automotive  ==> tractors,2,0
Fashion & Retail  ==> shoes,2,0
"Food and Beverage  ==> agriculture, land",2,0
Real Estate  ==> real estate,2,0
Finance and Investments  ==> private equity,2,0
Construction & Engineering  ==> construction,2,0
Finance and Investments  ==> motorcycle loans,2,0
Finance and Investments  ==> investments,2,0
Automotive  ==> tires,2,0
Diversified  ==> diversified,2,0
Telecom  ==> telecom equipment,2,0
Finance and Investments  ==> finance,2,0
"Manufacturing  ==> steel, autoparts",2,0
Food and Beverage  ==> energy drinks,2,-31
Food and Beverage  ==> energy drinks,2,-18
Finance and Investments  ==> investments,2,0
Food and Beverage  ==> Cargill,2,0
"Real Estate  ==> utilities, real estate",2,0
Fashion & Retail  ==> cosmetics,2,0
Food and Beverage  ==> Cargill,2,0
"Energy  ==> oil & gas, investments",2,0
Manufacturing  ==> hydraulic machinery,2,0
Manufacturing  ==> tires,2,0
Real Estate  ==> real estate,2,0
Healthcare  ==> medical equipment,2,0
Gambling & Casinos  ==> video games,2,0
"Telecom  ==> telecom, investments",2,0
Media & Entertainment  ==> Bloomberg LP,2,0
Healthcare  ==> pharmaceuticals,2,0
Diversified  ==> diversified,1,5
"Diversified  ==> engineering, energy, construction",1,0
Manufacturing  ==> chemicals,1,0
Manufacturing  ==> fasteners,1,0
Fashion & Retail  ==> retail,1,0
Logistics  ==> shipping,1,0
Diversified  ==> diversified,1,0
Healthcare  ==> pharmaceuticals,1,0
Finance and Investments  ==> banking,1,0
Finance and Investments  ==> hedge funds,1,0
Manufacturing  ==> aviation,1,0
Fashion & Retail  ==> fashion retail,1,0
Finance and Investments  ==> investments,1,0
Finance and Investments  ==> investments,1,0
"Real Estate  ==> real estate, education",1,0
Automotive  ==> automotive,1,0
Finance and Investments  ==> banking,1,0
"Manufacturing  ==> vacuums, cleaning products",1,0
Fashion & Retail  ==> fashion retail,1,0
Fashion & Retail  ==> retail,1,0
"Diversified  ==> computer services, tourism",1,0
Metals & Mining  ==> cobalt mining,1,0
Manufacturing  ==> petrochemicals,1,0
Manufacturing  ==> petrochemicals,1,0
Diversified  ==> diversified,1,0
Fashion & Retail  ==> art collection,1,0
"Finance and Investments  ==> metals, banking, fertilizers",1,0
Technology  ==> software services,1,0
Service  ==> education,1,0
Finance and Investments  ==> mutual funds,1,0
"Service  ==> hotels, investments",1,0
Manufacturing  ==> hand tools,1,0
Finance and Investments  ==> investments,1,0
Diversified  ==> processed milk,1,0
Fashion & Retail  ==> sports apparel,1,307
Fashion & Retail  ==> winter jackets,1,0
Real Estate  ==> real estate,1,0
Finance and Investments  ==> investments,1,0
Technology  ==> software,1,0
Manufacturing  ==> petrochemicals,1,0
Fashion & Retail  ==> drugstores,1,0
Metals & Mining  ==> steel smelting,1,0
Technology  ==> Twitter,1,0
Food and Beverage  ==> fish farming,1,0
Fashion & Retail  ==> footwear,1,0
Diversified  ==> fertilizer,1,0
Finance and Investments  ==> investments,1,0
Technology  ==> software,1,0
"Fashion & Retail  ==> retail, investments",1,0
Energy  ==> batteries,1,0
Diversified  ==> valves,1,0
Fashion & Retail  ==> supermarket,1,0
Diversified  ==> investments,1,0
Real Estate  ==> real estate,1,0
"Manufacturing  ==> vacuums, home cleaning products",1,0
Fashion & Retail  ==> real estate,1,0
Real Estate  ==> real estate,1,0
Healthcare  ==> pharmaceuticals,1,0
"Metals & Mining  ==> mining, commodities",1,0
Finance and Investments  ==> investments,1,0
Energy  ==> oil,1,0
Finance and Investments  ==> banking,1,0
Healthcare  ==> medical technology,1,0
Healthcare  ==> medical technology,1,0
Healthcare  ==> medical technology,1,0
Food and Beverage  ==> consumer goods,1,0
Finance and Investments  ==> asset management,1,0
Manufacturing  ==> chemicals,1,0
Manufacturing  ==> paper manufacturing,1,0
"Manufacturing  ==> shipbuilding, industrial machines",1,0
Food and Beverage  ==> fast food,1,0
Manufacturing  ==> electric components,1,0
Manufacturing  ==> shipbuilding,1,0
Fashion & Retail  ==> shoes,1,0
"Diversified  ==> energy, chemicals",1,0
Energy  ==> oil & gas,1,-1
Service  ==> hotels,1,0
Construction & Engineering  ==> construction,1,0
"Sports  ==> Nascar, racing",1,0
Technology  ==> software services,1,0
Finance and Investments  ==> finance,1,0
Finance and Investments  ==> Berkshire Hathaway,1,0
Real Estate  ==> real estate,1,0
Finance and Investments  ==> investments,1,0
Healthcare  ==> healthcare,1,0
Fashion & Retail  ==> Estee Lauder,1,0
Healthcare  ==> pharmaceuticals,1,0
Healthcare  ==> medical devices,1,-2
Technology  ==> software,1,0
Energy  ==> oil & gas,1,0
"Service  ==> hotels, investments",1,0
Media & Entertainment  ==> movie theaters,1,0
Finance and Investments  ==> finance,1,0
Service  ==> Comcast,1,0
Healthcare  ==> pharmaceuticals,1,0
Finance and Investments  ==> finance,1,0
Finance and Investments  ==> investments,1,0
Technology  ==> software,1,0
Service  ==> hotels,1,0
Automotive  ==> auto parts,1,0
Automotive  ==> auto parts,1,0
Manufacturing  ==> metals. coal,1,0
Automotive  ==> automotive,1,0
Food and Beverage  ==> greek yogurt,1,0
Manufacturing  ==> building materials,1,0
Healthcare  ==> pharmaceuticals,1,0
Healthcare  ==> medical devices,1,0
Real Estate  ==> real estate,1,0
Food and Beverage  ==> beverages,1,0
Real Estate  ==> real estate,1,0
Real Estate  ==> real estate,1,0
Finance and Investments  ==> investment banking,1,0
Finance and Investments  ==> security,1,3
"Finance and Investments  ==> banking, development",1,0
Media & Entertainment  ==> TV broadcasting,1,0
Diversified  ==> diversified,1,0
Real Estate  ==> real estate,1,0
Metals & Mining  ==> mining,1,0
Automotive  ==> auto parts,1,0
Healthcare  ==> medical technology,1,0
Fashion & Retail  ==> luxury goods,1,0
Fashion & Retail  ==> luxury goods,1,0
Logistics  ==> package delivery,1,0
Technology  ==> eletronics,1,0
Healthcare  ==> pharmaceuticals,1,0
Food and Beverage  ==> meat processing,1,0
Gambling & Casinos  ==> casinos,1,0
Fashion & Retail  ==> fashion retail,1,0
Fashion & Retail  ==> luxury goods,1,0
Technology  ==> messaging app,1,0
Manufacturing  ==> chemicals,1,0
Service  ==> Gap,1,0
Fashion & Retail  ==> Gap,1,0
Fashion & Retail  ==> luxury goods,1,0
Finance and Investments  ==> insurance,1,0
Technology  ==> information technology,1,0
Real Estate  ==> real estate,1,0
"Diversified  ==> tourism, construction",1,0
Healthcare  ==> pharmaceuticals,1,0
Fashion & Retail  ==> retail,1,0
"Energy  ==> oil & gas, investments",1,0
Real Estate  ==> real estate,1,0
Energy  ==> coal,1,0
Manufacturing  ==> chemicals,1,0
Automotive  ==> auto parts,1,0
Metals & Mining  ==> coal,1,0
Diversified  ==> diversified,1,0
"Energy  ==> oil, investments",1,0
Diversified  ==> manufacturing,1,0
Finance and Investments  ==> hedge funds,1,0
Manufacturing  ==> machine tools,1,0
Manufacturing  ==> machine tools,1,0
Manufacturing  ==> construction equipment,1,0
Real Estate  ==> real estate,1,0
Energy  ==> oil trading,1,0
Manufacturing  ==> paper manufacturing,1,0
Manufacturing  ==> LED lighting,1,0
"Food and Beverage  ==> coffee, shipping",1,0
Automotive  ==> automobiles,1,0
Food and Beverage  ==> consumer goods,1,0
Telecom  ==> telecom,1,0
Real Estate  ==> WeWork,1,0
Sports  ==> wrestling,1,0
Manufacturing  ==> manufacturing,1,0
Healthcare  ==> medical patents,1,0
Energy  ==> oil refinery,1,0
Diversified  ==> diversified,1,0
Logistics  ==> Transportation,1,0
Finance and Investments  ==> Berkshire Hathaway,1,0
Finance and Investments  ==> investment,1,0
Real Estate  ==> real estate,1,0
Diversified  ==> diversified,1,0
Real Estate  ==> real estate,1,0
Manufacturing  ==> sneakers,1,0
Finance and Investments  ==> investments,1,0
Automotive  ==> cars,1,0
Real Estate  ==> real estate,1,0
Technology  ==> financial information,1,0
Diversified  ==> diversified,1,0
Metals & Mining  ==> steel,1,0
Service  ==> financial technology,1,0
"Metals & Mining  ==> gold, coal mining",1,0
Finance and Investments  ==> hedge funds,1,0
Real Estate  ==> investments,1,0
Fashion & Retail  ==> pet food,1,0
"Logistics  ==> transport, engineering, real estate",1,0
Media & Entertainment  ==> online media,1,0
Real Estate  ==> real estate,1,0
Manufacturing  ==> electrical equipment,1,0
Real Estate  ==> real estate,1,0
Healthcare  ==> medical equipment,1,0
"Diversified  ==> food, art",1,0
Logistics  ==> logistics,1,0
Technology  ==> internet security,1,0
Fashion & Retail  ==> consumer goods,1,0
"Fashion & Retail  ==> retail, investments",1,0
"Diversified  ==> hotels, diversified",1,-5
Manufacturing  ==> hearing aids,1,0
Finance and Investments  ==> hedge funds,1,0
Manufacturing  ==> air coolers,1,0
"Finance and Investments  ==> banking, insurance",1,0
Finance and Investments  ==> insurance,1,0
Technology  ==> business software,1,0
Finance and Investments  ==> hedge funds,1,0
"Diversified  ==> real estate, manufacturing",1,0
Finance and Investments  ==> mutual funds,1,0
Technology  ==> photo sharing app,1,0
"Diversified  ==> energy, banking, construction",1,0
Fashion & Retail  ==> retail,1,0
Logistics  ==> package delivery,1,0
Finance and Investments  ==> finance,1,0
Diversified  ==> diversified,1,0
Technology  ==> online retail,1,0
Fashion & Retail  ==> retail,1,0
Finance and Investments  ==> electronic trading,1,0
Energy  ==> oil services,1,0
Finance and Investments  ==> private equity,1,0
Energy  ==> oil refining,1,0
Finance and Investments  ==> money management,1,0
Technology  ==> e-commerce,1,0
Fashion & Retail  ==> consumer goods,1,0
Food and Beverage  ==> salsa,1,0
Service  ==> EasyJet,1,0
"Manufacturing  ==> elevators, escalators",1,0
Finance and Investments  ==> hedge funds,1,0
Finance and Investments  ==> money management,1,0
"Sports  ==> Charlotte Hornets, endorsements",1,0
Technology  ==> social network,1,0
Gambling & Casinos  ==> online games,1,0
Finance and Investments  ==> Sears,1,0
Fashion & Retail  ==> department stores,1,0
Technology  ==> IT provider,1,0
Healthcare  ==> pharmaceuticals,1,0
Healthcare  ==> pharmaceuticals,1,0
"Diversified  ==> steel, diversified",1,0
Food and Beverage  ==> agribusiness,1,0
Fashion & Retail  ==> fashion,1,0
"Diversified  ==> real estate, oil, cars, sports",1,0
Energy  ==> oil refinery,1,0
Logistics  ==> transportation,1,0
Service  ==> fine jewelry,1,0
Technology  ==> software,1,0
Manufacturing  ==> appliances,1,0
Finance and Investments  ==> investments,1,0
Fashion & Retail  ==> H&M,1,0
Fashion & Retail  ==> H&M,1,0
Metals & Mining  ==> steel pipes,1,0
Manufacturing  ==> chemicals,1,0
Finance and Investments  ==> finance,1,0
Technology  ==> Facebook,1,0
Technology  ==> online retail,1,0
Healthcare  ==> Pharmaceuticals,1,0
Technology  ==> Pinterest,1,0
Fashion & Retail  ==> H&M,1,0
Finance and Investments  ==> hedge funds,1,0
"Energy  ==> oil, fertilizers",1,0
Telecom  ==> telecoms,1,0
Manufacturing  ==> chemicals,1,0
Technology  ==> lighting,1,0
Food and Beverage  ==> Campbell Soup,1,0
"Food and Beverage  ==> food, beverages",1,0
"Food and Beverage  ==> food, beverages",1,0
"Food and Beverage  ==> food, beverages",1,0
"Food and Beverage  ==> food, beverages",1,0
Technology  ==> software,1,0
Manufacturing  ==> electronics,1,0
Fashion & Retail  ==> retail,1,0
Automotive  ==> auto parts,1,0
Real Estate  ==> real estate,1,0
"Diversified  ==> internet, auto parts",1,0
Finance and Investments  ==> banking,1,0
"Diversified  ==> real estate, retail",1,0
Healthcare  ==> health clinics,1,0
Metals & Mining  ==> mining,1,0
Fashion & Retail  ==> fashion retail,1,0
"Diversified  ==> apparel, real estate",1,0
Manufacturing  ==> polyester,1,0
Finance and Investments  ==> investments,1,0
"Diversified  ==> hospitals, investments",1,0
Energy  ==> oil,1,0
Fashion & Retail  ==> shoes,1,0
Fashion & Retail  ==> shoes,1,0
Fashion & Retail  ==> shoes,1,0
Fashion & Retail  ==> jewelry,1,0
Technology  ==> online dating,1,0
Food and Beverage  ==> Publix supermarkets,1,0
Diversified  ==> diversified,1,0
"Diversified  ==> mining, banking",1,0
Diversified  ==> diversified,1,0
Healthcare  ==> pharmaceuticals,1,0
Telecom  ==> communications equipment,1,0
Media & Entertainment  ==> publishing,1,0
Diversified  ==> diversified,1,0
Diversified  ==> investments,1,0
Diversified  ==> investments,1,0
"Diversified  ==> pharmaceuticals, diversified",1,0
"Diversified  ==> pharmaceuticals, diversified",1,0
Automotive  ==> Ford Motor,1,0
Media & Entertainment  ==> video games,1,0
Fashion & Retail  ==> beauty products,1,0
"Construction & Engineering  ==> construction, investments",1,3
Fashion & Retail  ==> Urban Outfitters,1,0
"Manufacturing  ==> elevators, escalators",1,0
Real Estate  ==> real estate,1,0
Real Estate  ==> real estate,1,0
Media & Entertainment  ==> amusement parks,1,0
Logistics  ==> logistics,1,0
"Finance and Investments  ==> insurance, investments",1,-3
Manufacturing  ==> auto parts,1,0
Real Estate  ==> transportation,1,0
Food and Beverage  ==> food,1,0
Finance and Investments  ==> investments,1,0
Real Estate  ==> real estate,1,0
Food and Beverage  ==> agriculture,1,0
Fashion & Retail  ==> cosmetics,1,0
Manufacturing  ==> glass,1,0
Manufacturing  ==> manufacturing,1,0
Technology  ==> online games,1,0
Automotive  ==> automobiles,1,0
Healthcare  ==> pharmaceuticals,1,0
Manufacturing  ==> chemicals,1,0
Fashion & Retail  ==> supermarkets,1,0
Real Estate  ==> real estate,1,0
Energy  ==> coal,1,0
Real Estate  ==> real estate,1,0
Fashion & Retail  ==> apparel retailer,1,0
Finance and Investments  ==> art,1,0
Finance and Investments  ==> investments,1,0
Diversified  ==> diversified,1,0
Real Estate  ==> real estate,1,0
Manufacturing  ==> aerospace,1,0
Manufacturing  ==> aerospace,1,0
Real Estate  ==> shopping malls,1,0
Technology  ==> online games,1,0
Fashion & Retail  ==> Under Armour,1,0
"Service  ==> hotels, investments",1,0
Healthcare  ==> pharmaceuticals,1,0
Diversified  ==> processed milk,1,0
Food and Beverage  ==> beverages,1,0
Finance and Investments  ==> hedge funds,1,0
"Media & Entertainment  ==> media, tech",1,0
Finance and Investments  ==> money management,1,0
Media & Entertainment  ==> publishing,1,0
Fashion & Retail  ==> cosmetics,1,0
Food and Beverage  ==> alcohol,1,0
Manufacturing  ==> agrochemicals,1,0
Automotive  ==> auto parts,1,0
Technology  ==> Instagram,1,0
"Manufacturing  ==> textiles, electronics",1,0
Food and Beverage  ==> packaged foods,1,0
Finance and Investments  ==> online lending,1,0
Logistics  ==> logistics,1,0
"Diversified  ==> insurance, NFL team",1,0
Service  ==> outsourcing,1,0
Manufacturing  ==> manufacturing,1,0
Healthcare  ==> healthcare,1,0
Real Estate  ==> real estate,1,0
Media & Entertainment  ==> search engine,1,0
Media & Entertainment  ==> publishing,1,0
Real Estate  ==> real estate,1,0
Real Estate  ==> real estate,1,0
Energy  ==> energy services,1,0
Real Estate  ==> real estate,1,0
Fashion & Retail  ==> apparel,1,0
"Diversified  ==> oil, banking",1,0
Fashion & Retail  ==> e-commerce,1,0
Construction & Engineering  ==> engineering,1,0
Energy  ==> investments,1,0
Finance and Investments  ==> investments,1,0
Diversified  ==> diversified,1,0
Diversified  ==> diversified,1,0
Diversified  ==> investments,1,0
Diversified  ==> investments,1,0
Metals & Mining  ==> real estate,1,0
Healthcare  ==> pharmaceuticals,1,0
Fashion & Retail  ==> retailing,1,0
Manufacturing  ==> graphite electrodes,1,0
Automotive  ==> car dealerships,1,0
Food and Beverage  ==> dairy,1,0
Service  ==> educational services,1,0
Real Estate  ==> real estate,1,0
Logistics  ==> package delivery,1,0
Technology  ==> online games,1,0
Diversified  ==> property,1,0
"Technology  ==> computer services, telecom",1,0
Technology  ==> software,1,0
Real Estate  ==> real estate,1,0
Fashion & Retail  ==> retail,1,0
Real Estate  ==> real estate,1,0
Finance and Investments  ==> investments,1,0
Energy  ==> power,1,0
Construction & Engineering  ==> construction,1,0
Technology  ==> software services,1,0
Healthcare  ==> vaccines,1,0
Manufacturing  ==> leisure craft,1,0
Finance and Investments  ==> hedge funds,1,0
Construction & Engineering  ==> real estate,1,0
"Metals & Mining  ==> commodities, investments",1,0
Logistics  ==> trading company,1,0
Fashion & Retail  ==> sourcing,1,0
Media & Entertainment  ==> cable television,1,0
Manufacturing  ==> textiles,1,0
Service  ==> EasyJet,1,0
Diversified  ==> diversified,1,0
Finance and Investments  ==> investments,1,0
Metals & Mining  ==> mining,1,0
Real Estate  ==> real estate,1,0
"Food and Beverage  ==> bakeries, fast food",1,0
Finance and Investments  ==> insurance,1,0
Food and Beverage  ==> coffee chain,1,-3
Fashion & Retail  ==> jewelry,1,0
Finance and Investments  ==> investment banking,1,0
Technology  ==> software,1,0
Healthcare  ==> pharmaceuticals,1,0
Manufacturing  ==> investments,1,0
"Finance and Investments  ==> banking, insurance, media",1,0
Technology  ==> video games,1,0
Technology  ==> retail,1,0
Healthcare  ==> medical products,1,0
Automotive  ==> auto dealerships,1,0
Manufacturing  ==> lithium,1,0
Technology  ==> Manufacturing,1,0
Metals & Mining  ==> investments,1,0
Fashion & Retail  ==> fashion retail,1,0
"Media & Entertainment  ==> cable TV, investments",1,0
Diversified  ==> diversified,1,0
Telecom  ==> telecom,1,0
"Fashion & Retail  ==> real estate, retail",1,0
Manufacturing  ==> power equipment,1,0
Technology  ==> software services,1,0
Finance and Investments  ==> investments,1,0
"Energy  ==> sugar, ethanol",1,0
Real Estate  ==> real estate,1,0
Media & Entertainment  ==> computer games,1,0
"Metals & Mining  ==> steel pipes, diversified",1,0
Fashion & Retail  ==> luxury goods,1,0
Fashion & Retail  ==> luxury goods,1,0
Healthcare  ==> health care,1,0
Sports  ==> sports teams,1,0
Fashion & Retail  ==> supermarkets,1,0
Real Estate  ==> real estate,1,0
Technology  ==> robotics,1,0
Energy  ==> petrochemicals,1,0
Fashion & Retail  ==> retail,1,0
"Energy  ==> oil & gas, investments",1,0
Real Estate  ==> hotels,1,0
Manufacturing  ==> palm oil,1,0
Service  ==> education,1,4
Healthcare  ==> pharmaceuticals,1,0
Manufacturing  ==> toys,1,0
Real Estate  ==> real estate,1,0
Metals & Mining  ==> steel,1,0
Telecom  ==> telecom,1,0
Metals & Mining  ==> steel,1,0
Automotive  ==> auto parts,1,0
Telecom  ==> telecom services,1,0
Diversified  ==> conglomerate,1,0
Energy  ==> natural gas,1,0
Energy  ==> natural gas,1,0
Finance and Investments  ==> finance,1,0
Technology  ==> software,1,0
Manufacturing  ==> metal processing,1,0
Food and Beverage  ==> beer,1,0
"Finance and Investments  ==> precious metals, real estate",1,0
Technology  ==> online games,1,0
Manufacturing  ==> electronic components,1,0
Food and Beverage  ==> wine,1,0
Finance and Investments  ==> cryptocurrency,1,0
Manufacturing  ==> chemicals,1,0
Manufacturing  ==> conglomerate,1,0
Healthcare  ==> pharmaceuticals,1,0
Diversified  ==> diversified,1,0
Gambling & Casinos  ==> betting machines,1,0
Media & Entertainment  ==> television,1,0
Manufacturing  ==> chemicals,1,0
Finance and Investments  ==> venture capital,1,0
Finance and Investments  ==> banking,1,0
Food and Beverage  ==> consumer goods,1,0
Technology  ==> AOL,1,0
Real Estate  ==> property,1,0
Technology  ==> electronics,1,0
Healthcare  ==> pharmaceuticals,1,0
Real Estate  ==> real estate,1,0
"Food and Beverage  ==> food, drinks",1,0
Fashion & Retail  ==> fashion,1,0
Service  ==> Xerox,1,0
Fashion & Retail  ==> shoes,1,0
Finance and Investments  ==> banking,1,0
Telecom  ==> mobile phones,1,0
Finance and Investments  ==> money management,1,0
"Media & Entertainment  ==> TV shows, movies",1,0
Service  ==> education,1,0
Manufacturing  ==> power tools,1,0
Manufacturing  ==> industrial lasers,1,0
Fashion & Retail  ==> Nordstrom department stores,1,0
Service  ==> EasyJet,1,0
Metals & Mining  ==> trust fund,1,0
Manufacturing  ==> toys,1,0
"Construction & Engineering  ==> construction, investments",1,0
"Construction & Engineering  ==> construction, investments",1,0
Real Estate  ==> real estate,1,0
Finance and Investments  ==> hedge funds,1,0
Diversified  ==> chemicals,1,0
Technology  ==> semiconductors,1,0
Technology  ==> semiconductors,1,0
Service  ==> industrial equipment,1,0
Finance and Investments  ==> banking,1,0
Technology  ==> software firm,1,0
Finance and Investments  ==> diversified,1,0
Healthcare  ==> pharmaceuticals,1,0
Fashion & Retail  ==> retail,1,0
Finance and Investments  ==> financial services,1,0
Manufacturing  ==> electronics,1,0
"Energy  ==> oil, banking, telecom",1,0
Diversified  ==> diversified,1,0
Fashion & Retail  ==> retail,1,0
Energy  ==> natural gas,1,0
Manufacturing  ==> chemicals,1,0
Energy  ==> gas,1,0
Manufacturing  ==> solar panel components,1,0
"Fashion & Retail  ==> footwear, apparel",1,0
Diversified  ==> investments,1,0
Fashion & Retail  ==> pharmacies,1,0
Construction & Engineering  ==> construction,1,0
Technology  ==> drones,1,0
Food and Beverage  ==> Cargill,1,0
Food and Beverage  ==> Cargill,1,0
Food and Beverage  ==> Cargill,1,0
Food and Beverage  ==> Cargill,1,0
Diversified  ==> investments,1,0
Technology  ==> Craigslist,1,0
Fashion & Retail  ==> Nordstrom department stores,1,0
Media & Entertainment  ==> media,1,0
Construction & Engineering  ==> toll roads,1,0
Finance and Investments  ==> mutual funds,1,0
Finance and Investments  ==> mutual funds,1,0
Healthcare  ==> pharmaceuticals,1,0
Manufacturing  ==> toys,1,0
Metals & Mining  ==> trust fund,1,0
Metals & Mining  ==> trust fund,1,0
"Manufacturing  ==> fertilizer, real estate",1,0
Finance and Investments  ==> banking,1,0
Diversified  ==> diversified,1,0
Technology  ==> information technology,1,0
Healthcare  ==> pharmaceuticals,1,-29
Manufacturing  ==> chemicals,1,0
Manufacturing  ==> engineering,1,0
Manufacturing  ==> diversified,1,0
Technology  ==> online apparel retail,1,0
Fashion & Retail  ==> retail,1,0
Real Estate  ==> real estate,1,0
Logistics  ==> shipping,1,0
Technology  ==> lighting,1,0
Real Estate  ==> real estate,1,0
Fashion & Retail  ==> supermarkets,1,0
Construction & Engineering  ==> Construction,1,0
Real Estate  ==> real estate,1,0
Finance and Investments  ==> diversified,1,0
Metals & Mining  ==> steel,1,0
Metals & Mining  ==> steel,1,0
"Manufacturing  ==> steel, heavy industry",1,0
Technology  ==> semiconductors,1,0
Metals & Mining  ==> coal mines,1,0
Technology  ==> technology,1,0
Food and Beverage  ==> food,1,0
Automotive  ==> auto distribution,1,0
Food and Beverage  ==> food sweeteners,1,0
Metals & Mining  ==> trust fund,1,0
Service  ==> wastewater treatment,1,0
Real Estate  ==> real estate services,1,0
Real Estate  ==> real estate,1,0
Manufacturing  ==> packaging,1,0
Technology  ==> software,1,0
Service  ==> education,1,0
Food and Beverage  ==> brewery,1,0
"Manufacturing  ==> chemicals, spandex",1,0
Real Estate  ==> real estate,1,0
Manufacturing  ==> glass,1,0
Fashion & Retail  ==> costume jewelry,1,0
Diversified  ==> diversified,1,0
Real Estate  ==> real estate,1,0
Technology  ==> IT products,1,0
Manufacturing  ==> electrical equipment,1,0
Finance and Investments  ==> investments,1,0
Diversified  ==> diversified,1,1
Diversified  ==> diversified,1,1
Fashion & Retail  ==> fashion retail,1,0
Finance and Investments  ==> venture capital investing,1,0
Metals & Mining  ==> Steel,1,0
Finance and Investments  ==> money management,1,0
Finance and Investments  ==> commodities,1,0
"Construction & Engineering  ==> investments, real estate",1,0
Fashion & Retail  ==> cosmetics,1,0
Fashion & Retail  ==> supermarkets,1,0
"Diversified  ==> banking, oil",1,6
"Fashion & Retail  ==> retail, agribusiness",1,0
"Diversified  ==> banking, investments",1,0
Finance and Investments  ==> money management,1,0
Food and Beverage  ==> consumer goods,1,0
Media & Entertainment  ==> animation,1,0
Energy  ==> wind power generation,1,0
Service  ==> ride-hailing service,1,0
Diversified  ==> diversified,1,0
Manufacturing  ==> manufacturing,1,0
Manufacturing  ==> electrical equipment,1,0
Real Estate  ==> real estate,1,0
Food and Beverage  ==> Coca-Cola,1,0
Fashion & Retail  ==> clothing retail,1,0
Construction & Engineering  ==> construction,1,0
"Logistics  ==> transport, logistics",1,0
Healthcare  ==> hearing aids,1,0
Real Estate  ==> office real estate,1,0
Finance and Investments  ==> insurance,1,0
Manufacturing  ==> home appliances,1,0
Telecom  ==> investments,1,0
Automotive  ==> auto loans,1,0
Metals & Mining  ==> mining,1,0
Manufacturing  ==> manufacturing,1,0
Food and Beverage  ==> poultry,1,0
Metals & Mining  ==> mining,1,0
Healthcare  ==> drug testing,1,0
Technology  ==> uber,1,0
Manufacturing  ==> consumer electronics,1,0
Finance and Investments  ==> banking,1,0
Healthcare  ==> medical devices,1,0
Food and Beverage  ==> bakeries,1,0
Fashion & Retail  ==> convenience stores,1,0
Diversified  ==> diversified,1,0
Metals & Mining  ==> minerals,1,0
Real Estate  ==> storage facilities,1,0
"Energy  ==> gas, petrochemicals",1,0
Finance and Investments  ==> finance,1,0
Manufacturing  ==> home & office products,1,0
Real Estate  ==> real estate,1,0
Real Estate  ==> real estate,1,0
Energy  ==> oil & gas,1,0
Fashion & Retail  ==> electronics retailer,1,0
Real Estate  ==> real estate,1,0
Manufacturing  ==> building materials,1,0
Finance and Investments  ==> Financial Services,1,0
Logistics  ==> package delivery,1,0
Media & Entertainment  ==> Cirque du Soleil,1,0
Technology  ==> Internet,1,0
Finance and Investments  ==> mutual funds,1,0
Service  ==> education,1,0
Manufacturing  ==> electronics,1,0
Fashion & Retail  ==> apparel,1,0
Food and Beverage  ==> soy sauce maker,1,0
Manufacturing  ==> rubber gloves,1,0
Energy  ==> gas,1,0
"Diversified  ==> copper, poultry",1,0
Service  ==> sewage treatment,1,0
Real Estate  ==> real estate,1,0
"Real Estate  ==> real estate, hotels",1,0
Technology  ==> e-commerce,1,0
Diversified  ==> energy,1,0
"Energy  ==> port, gas",1,0
Construction & Engineering  ==> toll roads,1,0
Telecom  ==> telecom,1,0
"Automotive  ==> basketball, car dealers",1,0
Construction & Engineering  ==> construction materials,1,-17
Real Estate  ==> real estate,1,0
Food and Beverage  ==> restaurants,1,0
"Real Estate  ==> construction, real estate",1,0
Manufacturing  ==> electronics,1,0
Automotive  ==> automotive,1,0
Finance and Investments  ==> investments,1,0
Energy  ==> oil & gas,1,-18
"Construction & Engineering  ==> construction, pipes, chemicals",1,0
Manufacturing  ==> building materials,1,0
Healthcare  ==> pharmaceuticals,1,0
Real Estate  ==> real estate,1,0
"Energy  ==> refinery, chemicals",1,0
"Energy  ==> refinery, chemicals",1,0
"Diversified  ==> tires, chemicals",1,0
Metals & Mining  ==> titanium,1,0
Technology  ==> software services,1,0
Fashion & Retail  ==> retail,1,0
Finance and Investments  ==> investments,1,0
Healthcare  ==> pharmaceuticals,1,0
Healthcare  ==> pharmaceuticals,1,0
"Real Estate  ==> airports, real estate",1,0
Food and Beverage  ==> In-N-Out Burger,1,0
Healthcare  ==> medical devices,1,0
Fashion & Retail  ==> consumer goods,1,0
Technology  ==> social network,1,0
Construction & Engineering  ==> construction,1,0
Food and Beverage  ==> restaurants,1,0
Technology  ==> measuring instruments,1,0
"Finance and Investments  ==> banking, insurance",1,0
Real Estate  ==> Real estate,1,0
"Fashion & Retail  ==> food, retail",1,0
Media & Entertainment  ==> movies,1,0
Real Estate  ==> real estate,1,0
Diversified  ==> airline,1,0
Service  ==> airline,1,0
"Manufacturing  ==> natural gas, fertilizers",1,0
Finance and Investments  ==> money management,1,0
Energy  ==> energy services,1,0
Healthcare  ==> pharmaceuticals,1,0
Healthcare  ==> pharmaceuticals,1,0
Service  ==> driving schools,1,0
Automotive  ==> auto parts,1,0
Manufacturing  ==> Agribusiness,1,0
Healthcare  ==> pharmacy,1,0
Service  ==> private schools,1,0
Real Estate  ==> real estate,1,0
Logistics  ==> Shipping,1,0
Manufacturing  ==> paper & related products,1,0
Manufacturing  ==> precision machinery,1,0
Real Estate  ==> real estate,1,0
Fashion & Retail  ==> retail,1,0
Real Estate  ==> real estate,1,0
Manufacturing  ==> auto parts,1,0
Real Estate  ==> real estate,1,0
Finance and Investments  ==> hedge funds,1,0
Logistics  ==> chemicals,1,0
Construction & Engineering  ==> construction,1,0
Diversified  ==> diversified,1,0
Healthcare  ==> pharmaceuticals,1,0
Healthcare  ==> hospitals,1,0
Food and Beverage  ==> Barilla pasta,1,0
Food and Beverage  ==> Barilla pasta,1,0
Food and Beverage  ==> Barilla pasta,1,0
Food and Beverage  ==> Barilla pasta,1,0
"Energy  ==> banking, gas",1,0
Finance and Investments  ==> insurance,1,0
Fashion & Retail  ==> retail,1,0
Gambling & Casinos  ==> pachinko machines,1,0
Technology  ==> electronic components,1,0
Technology  ==> electronic components,1,0
Finance and Investments  ==> banking,1,0
"Real Estate  ==> construction, real estate",1,0
Technology  ==> electronics components,1,0
Manufacturing  ==> polyester,1,0
Diversified  ==> industrial machinery,1,0
Diversified  ==> diversified,1,0
Diversified  ==> diversified,1,0
Diversified  ==> diversified,1,0
Media & Entertainment  ==> media,1,0
"Diversified  ==> finance, real estate",1,0
Gambling & Casinos  ==> gambling,1,0
Metals & Mining  ==> coal,1,0
Technology  ==> IT consulting,1,0
Finance and Investments  ==> hedge funds,1,0
Real Estate  ==> real estate,1,0
"Logistics  ==> ports, railway transport",1,0
Fashion & Retail  ==> Reebok,1,0
Finance and Investments  ==> investments,1,0
"Diversified  ==> real estate, diversified",1,0
Fashion & Retail  ==> mattresses,1,0
Technology  ==> file hosting service,1,0
Energy  ==> storage batteries,1,0
Real Estate  ==> real estate,1,0
Telecom  ==> communications,1,0
Automotive  ==> tires,1,0
Manufacturing  ==> electric linear systems,1,0
Finance and Investments  ==> auto loans,1,0
Finance and Investments  ==> IKEA,1,0
Finance and Investments  ==> IKEA,1,0
Finance and Investments  ==> IKEA,1,0
Finance and Investments  ==> banking,1,0
Finance and Investments  ==> investments,1,0
Diversified  ==> banking,1,0
"Real Estate  ==> real estate, hotels",1,0
"Technology  ==> electronics, household products",1,0
Real Estate  ==> real estate,1,0
Manufacturing  ==> toys,1,0
Manufacturing  ==> scientific equipment,1,0
Technology  ==> online games,1,0
Technology  ==> investments,1,0
"Finance and Investments  ==> banking, credit cards",1,0
Finance and Investments  ==> banking,1,0
"Finance and Investments  ==> banking, credit cards",1,0
Technology  ==> live streaming service,1,0
Healthcare  ==> pharmaceuticals,1,0
Manufacturing  ==> construction materials,1,0
Manufacturing  ==> manufacturing,1,0
Manufacturing  ==> conglomerate,1,0
Real Estate  ==> real estate,1,0
Food and Beverage  ==> wine,1,0
Manufacturing  ==> powdered metal,1,0
Service  ==> industrial parks,1,0
Diversified  ==> conglomerate,1,0
Technology  ==> e-commerce,1,0
Energy  ==> energy investments,1,0
Healthcare  ==> pharmaceuticals,1,-1
Healthcare  ==> laboratory services,1,0
Healthcare  ==> pharmaceuticals,1,0
"Logistics  ==> ports, railway transport",1,0
"Logistics  ==> ports, railway transport",1,0
Technology  ==> price comparison website,1,0
Service  ==> Ryanair,1,0
Finance and Investments  ==> investments,1,10
Diversified  ==> diversified,1,0
Finance and Investments  ==> investments,1,0
Fashion & Retail  ==> retail,1,0
Media & Entertainment  ==> casinos,1,0
Fashion & Retail  ==> wedding dresses,1,0
Media & Entertainment  ==> tourism,1,0
Technology  ==> e-commerce,1,0
Finance and Investments  ==> investments,1,0
Fashion & Retail  ==> consumer goods,1,0
"Diversified  ==> construction, real estate",1,0
Real Estate  ==> entertainment,1,0
Finance and Investments  ==> venture capital investing,1,0
Technology  ==> tech investments,1,0
Technology  ==> tech investments,1,0
Technology  ==> tech investments,1,0
Finance and Investments  ==> venture capital,1,0
"Diversified  ==> refinery, chemicals",1,0
Fashion & Retail  ==> retail,1,0
Service  ==> staffing,1,0
Healthcare  ==> healthcare,1,0
Finance and Investments  ==> finance and investments,1,0
Finance and Investments  ==> finance,1,0
Finance and Investments  ==> investments,1,0
"Energy  ==> refinery, chemicals",1,0
Finance and Investments  ==> banking,1,0
Media & Entertainment  ==> gaming,1,0
Media & Entertainment  ==> media,1,0
Diversified  ==> diversified,1,0
"Diversified  ==> timber, media",1,0
"Diversified  ==> insurance, NFL team",1,0
Diversified  ==> insurance,1,0
Technology  ==> software,1,0
Energy  ==> oil and gas,1,0
Telecom  ==> telecom,1,0
Manufacturing  ==> fertilizers,1,0
Automotive  ==> auto parts,1,0
Service  ==> budget airline,1,0
Service  ==> sewage treatment,1,0
Fashion & Retail  ==> health products,1,0
Automotive  ==> automobiles,1,0
Technology  ==> drones,1,0
Technology  ==> online marketplace,1,0
Diversified  ==> diversified,1,0
"Diversified  ==> real estate, shipbuilding",1,0
"Diversified  ==> real estate, finance",1,0
Fashion & Retail  ==> jewelry,1,0
Finance and Investments  ==> financial services,1,0
Healthcare  ==> generic drugs,1,0
Fashion & Retail  ==> Spanx,1,0
Telecom  ==> telecom,1,0
Manufacturing  ==> air compressors,1,0
Technology  ==> semiconductors,1,0
"Real Estate  ==> real estate, electronics",1,0
Real Estate  ==> real estate,1,0
Manufacturing  ==> tire manufacturing,1,0
Fashion & Retail  ==> Patagonia,1,0
Metals & Mining  ==> metallurgy,1,0
"Finance and Investments  ==> Real Estate, Private Equity",1,0
Technology  ==> Stripe,1,0
Technology  ==> Stripe,1,0
Food and Beverage  ==> beef processing,1,0
"Automotive  ==> motorhomes, RVs",1,0
Media & Entertainment  ==> internet media,1,0
Construction & Engineering  ==> construction materials,1,0
"Food and Beverage  ==> candy, real estate",1,0
Automotive  ==> automotive technology,1,0
Manufacturing  ==> power supply manufacturer,1,0
Fashion & Retail  ==> real estate,1,0
Real Estate  ==> real estate,1,0
Manufacturing  ==> packaging,1,0
Technology  ==> printed circuit boards,1,0
Gambling & Casinos  ==> pachinko machines,1,0
Manufacturing  ==> auto components,1,0
Healthcare  ==> pharmaceuticals,1,0
Technology  ==> printed circuit boards,1,0
Finance and Investments  ==> investment management,1,0
Technology  ==> software,1,0
Manufacturing  ==> antennas,1,0
Technology  ==> mobile gaming,1,0
Finance and Investments  ==> Investment,1,0
"Diversified  ==> banking, investments",1,0
Technology  ==> electronics/household products,1,0
Metals & Mining  ==> metallurgy,1,0
Finance and Investments  ==> cement,1,0
Sports  ==> sports teams,1,0
Metals & Mining  ==> diamonds,1,0
Manufacturing  ==> appliances,1,0
Finance and Investments  ==> Investment Management,1,0
"Real Estate  ==> logistics, real estate",1,0
"Diversified  ==> textiles, energy",1,0
Technology  ==> lithium batteries,1,0
Real Estate  ==> real estate,1,0
Diversified  ==> diversified,1,0
Finance and Investments  ==> Bloomberg LP,1,0
Real Estate  ==> real estate,1,0
Manufacturing  ==> paper,1,0
Manufacturing  ==> paper,1,0
Fashion & Retail  ==> retail,1,0
Finance and Investments  ==> investments,1,0
Automotive  ==> auto parts,1,0
Manufacturing  ==> heating equipment,1,0
Metals & Mining  ==> steel,1,0
Automotive  ==> auto import and dealerships,1,0
Fashion & Retail  ==> jewelry,1,0
Fashion & Retail  ==> dollar stores,1,0
Manufacturing  ==> biotech,1,-5
Real Estate  ==> real estate,1,0
Food and Beverage  ==> energy drinks,1,0
Technology  ==> Pinterest,1,0
Service  ==> security services,1,0
Real Estate  ==> real estate,1,0
"Metals & Mining  ==> mining, diamonds, real estate",1,0
Media & Entertainment  ==> advertising,1,0
Technology  ==> electronics components,1,0
Real Estate  ==> real estate,1,0
Real Estate  ==> home building,1,0
"Diversified  ==> telecom, lotteries, insurance",1,0
Finance and Investments  ==> investments,1,0
Manufacturing  ==> chemicals,1,0
Technology  ==> fiber optic cables,1,0
"Finance and Investments  ==> insurance, investments",1,0
Finance and Investments  ==> Citigroup,1,0
Food and Beverage  ==> agribusiness,1,0
Manufacturing  ==> manufacturing,1,0
Technology  ==> apparel,1,0
Diversified  ==> air conditioning,1,0
"Fashion & Retail  ==> fashion, entertainment",1,0
Manufacturing  ==> electrical equipment,1,0
Manufacturing  ==> electrical equipment,1,0
Manufacturing  ==> printed circuit boards,1,0
Diversified  ==> diversified,1,0
