id,name,position,Unnamed: 0
3239,anant aSAVABHOKHIN & family,,0
9391,aRASH FERDOwsi,,1
9523,banthoon LAMSAM & family,,2
3154,bILL ADDERLEY & FAMily,,3
8503,boris ZINGAREVIch,,4
5372,brYAN SHEFFIELd,,5
8416,charles BUTT & FAMily,,6
6258,charles cadOGAN & family,,7
4082,chatri sophonPANICH & FAMily,,8
2789,daNIEL EK,,9
3212,daniel HIRSCHFeld,,10
2714,dANIEL TSAI & Family,,11
6670,dieteR SCHAUB,,12
3517,dik WESSels,,13
3811,dong FAN,,14
3783,elisabETH BADINTER & FAMily,,15
1730,frEDERIC LUDDY,,16
8435,gao deKANG & FAMIly,,17
6236,hajimE SATOMI,,18
6380,heinrich deicHMANN & FAMILY,,19
1219,hirOSHI OKURA & family,,20
9792,husain dJOJONEGORO & FAMily,,21
3889,iVAN SAVVIDIs,,22
2286,jacques merceroN-Vicat & family,,23
3612,james DUff,,24
5260,jEAN BURELLE,,25
1048,jIM KOCh,,26
9072,JOHN ARMitage,,27
6657,jonATHAN HARMSWORTH,,28
8094,laurenT BURELle,,29
7820,lee hWA-kyung,,30
3997,liu DIAnbo,,31
8715,LIU GEXIN,,32
8703,loretTA ROBINSON & FAMILY,,33
9382,lU FENg,,34
6402,lUCIO AND SUSAn co,,35
9377,malVINDER & SHIVINder singh,,36
9883,martin lORENtzon,,37
1542,mary & dOUGLAS PERKINs,,38
2220,onsi sAWIRIs,,39
6589,osATHANUGRAH FAMily,,40
1786,philipPE LAFFONT,,41
2468,PHORNTHEP PHORNPRAPHA & FAMILY,,42
1210,pierre casTEL & FAMIly,,43
1492,raY IRANI,,44
9854,sHOJI UEHara,,45
9803,stevEN ROTH,,46
4007,supalucK UMPUJH & family,,47
8383,thomaS duff,,48
5044,zakHAR SMUSHKin,,49
3072,zhANG ZHONGNENG & family,,50
3942,zHU YICAi,,51
4656,jEFF BEZOS,1.0,52
1874,bill GAtes,2.0,53
6703,WARREN BUFFETt,3.0,54
2637,bernaRD ARNAULT,4.0,55
8242,maRK ZUCKERBERG,5.0,56
9133,AMANCIO ORTega,6.0,57
3663,carlos sLIM HELU,7.0,58
5909,chaRLES koch,8.0,59
9549,DAVID KOCH,9.0,60
2989,lARRY ELLISOn,10.0,61
6660,michAEL BLOOMberg,11.0,62
3915,LARRY PAge,12.0,63
9455,sergEY BRIN,13.0,64
3819,JIM WALTon,14.0,65
6275,S. ROBSON walton,15.0,66
5873,alicE WAlton,16.0,67
2101,mA HUATENG,17.0,68
3059,francoiSE BETTENCOURT meyers,18.0,69
9144,mukesH AMBANI,19.0,70
1251,jaCK ma,20.0,71
8666,sHELDON ADELSON,21.0,72
3229,steVE BALLmer,22.0,73
6437,li KA-SHing,23.0,74
9005,HUI KA YAn,24.0,75
7716,lee SHAU KEE,25.0,76
6371,wang jIANLIN,26.0,77
7747,beate heister & KARL ALBRECHT JR.,27.0,78
4351,phIL KNIGHT,28.0,79
3423,jorGE PAULO lemann,29.0,80
6166,FRANCOIS Pinault,30.0,81
4928,georg scHAEFFLer,31.0,82
4737,susannE Klatten,32.0,83
6590,david THomson,33.0,84
8384,jacquELINE mars,34.0,85
3403,jOHN Mars,35.0,86
9205,JOSEPH SAFRa,36.0,87
7639,giOVANNI FERrero,37.0,88
3327,dietrich MATeschitz,38.0,89
5484,michAEL DELL,39.0,90
2851,masAYOSHI Son,40.0,91
7374,serge dASSAult,41.0,92
5531,STEFAN QUAndt,42.0,93
4838,yANG HUIYAn,43.0,94
3757,pAUL ALLEn,44.0,95
9982,leonARDO DEL vecchio,45.0,96
1673,dIETER SChwarz,46.0,97
9015,THOMAS PETERFFY,47.0,98
1901,"theo ALBRECHT, JR.",48.0,99
2061,lEN BLAVatnik,49.0,100
1347,he xiaNGJIAN,50.0,101
6109,luI CHE woo,51.0,102
7585,jaMES SIMons,52.0,103
6716,henRY SY,53.0,104
2370,elon Musk,54.0,105
3034,hinDUJA FAMILy,55.0,106
4473,taDASHI yanai,56.0,107
1566,vlADIMIR LISin,57.0,108
8869,laURENE POWELL Jobs,58.0,109
9514,aziM PREMJi,59.0,110
4813,alexey MORDASHOV,60.0,111
6066,leE KUN-hee,61.0,112
1417,lAKSHMI MITTal,62.0,113
1535,wANG WEI,63.0,114
3401,leoniD MIKHelson,64.0,115
2094,cHAROEN SIRIVADHANABHAKDI,65.0,116
9350,paLLONJI MIStry,66.0,117
2708,RAY DAlio,67.0,118
2846,takemiTSU Takizaki,68.0,119
9988,wiLLIAM DING,69.0,120
6475,r. budI HARtono,70.0,121
8590,ginA RINEHARt,71.0,122
5608,german LARREA MOTA VELASCO,72.0,123
7739,cARL ICahn,73.0,124
9667,stEFAN PERSSON,74.0,125
7532,mICHAEL HARTONo,75.0,126
1466,josepH LAu,76.0,127
5052,thoMAS & RAYMOND KWOK,77.0,128
8959,vAGIT ALEkperov,78.0,129
5547,jameS RATCLIFfe,79.0,130
4353,donALD BRen,80.0,131
4204,iris fONTBOna,81.0,132
8403,gennady TIMchenko,82.0,133
8929,abIGAIL JOhnson,83.0,134
2455,vLADIMIR POTAnin,84.0,135
8484,lukas WALTON,85.0,136
9053,CHARLENE DE CARVALHO-HEINEKEN,86.0,137
1615,zhANG ZHIDong,87.0,138
8486,PETR KELLNER,88.0,139
3458,andrey mELNICHenko,89.0,140
4132,DAVID & SIMON REUBEN,90.0,141
5068,kLAUS-MICHAEL KUEHNE,91.0,142
4971,lI SHUFU,92.0,143
8227,mikhaIL FRIDman,93.0,144
4966,rupERT MURDoch,94.0,145
7809,dhaniN CHEARAVanont,95.0,146
6672,robeRT Kuok,96.0,147
3917,eMMANUEL BESNIer,97.0,148
6221,sHIV NADAr,98.0,149
1963,viKTOR VEKSelberg,99.0,150
5944,aliko DANGOte,100.0,151
9147,harolD Hamm,101.0,152
2290,stevE COHEN,102.0,153
6385,dusTIN MOSKovitz,103.0,154
7840,marcel HERRMANN telles,104.0,155
4860,reinhOLD WUerth,105.0,156
2044,CHARLES ERGen,106.0,157
4328,eric SCHMIDT,107.0,158
1871,PHILIP ANschutz,108.0,159
7162,jim KENnedy,109.0,160
2712,blair parRY-OKEDen,110.0,161
2499,alAIN WERTHEIMER,111.0,162
8238,GERARD WERtheimer,112.0,163
8408,leonard LAUDER,113.0,164
6707,heinz herMANN thiele,114.0,165
8989,diliP SHANGHvi,115.0,166
6331,hasso pLATTNER,116.0,167
3789,STEPHEN SCHwarzman,117.0,168
3946,lEI JUn,118.0,169
7272,hans rAUsing,119.0,170
4894,alisher USMANOv,120.0,171
8706,donALD NEWHOuse,121.0,172
9361,petER Woo,122.0,173
8343,LUIS CARLOS SArmiento,123.0,174
1061,robIN LI,124.0,175
1020,carLOS ALBERTO SIcupira,125.0,176
2862,seo jUNG-JIN,126.0,177
8526,kumAR Birla,127.0,178
6776,alexandER otto,128.0,179
9597,stEFANO PESSina,129.0,180
8655,udo & HARALD TSCHIRA,130.0,181
2429,wang WENYin,131.0,182
4916,anDREW beal,132.0,183
7872,lee MAN Tat,133.0,184
9328,"john MENARd, jr.",134.0,185
8529,xu SHIHUI,135.0,186
9399,zhou HONGYI,136.0,187
6654,goNG HONGjia,137.0,188
2523,michAEL OTTO,138.0,189
3733,davID TEpper,139.0,190
9061,roMAN ABRAMOvich,140.0,191
6733,liu qIANGdong,141.0,192
1849,robert & PHILIP NG,142.0,193
3127,alberto BAILLERES GONZALez,143.0,194
1460,uDAY KOTak,144.0,195
3886,pierre OMIDYAr,145.0,196
4741,walTER P.J. DROEGe,146.0,197
2141,dietmAR HOPP,147.0,198
1415,graEME HART,148.0,199
1840,eduARDO SAVERin,149.0,200
1196,yAN ZHI,150.0,201
4159,radHAKISHAN DAMANI,151.0,202
1927,gerMAN KHAN,152.0,203
1036,ronALD PERELman,153.0,204
4081,gaUTAM ADANI,154.0,205
6039,MICKY ARIson,155.0,206
1948,pan zhENGMin,156.0,207
9216,josEPH TSAI,157.0,208
2626,"thomas fRIST, JR.",158.0,209
7334,mikhAIL PROkhorov,159.0,210
9873,galeN WESTOn,160.0,211
2744,zonG QINGhou,161.0,212
2800,eyAL OFEr,162.0,213
9577,charlES SCHWab,163.0,214
7790,gianluigi & rAFAela aponte,164.0,215
1798,"herbert kOHLER, jr.",165.0,216
8991,vikTOR RASHnikov,166.0,217
5790,harry tRIGUBOFF,167.0,218
3832,augUST VON finck,168.0,219
7167,yao ZHENHua,169.0,220
9766,jan KOUm,170.0,221
3771,cyrUS POONAWalla,171.0,222
9168,jaMES GOODNIGht,172.0,223
7654,kEN GRIFFIN,173.0,224
8878,giORGIO ARmani,174.0,225
8952,ernesto BERTARELLI,175.0,226
3137,savitrI JINDAl,176.0,227
5928,SUNIL MITtal,177.0,228
6619,james CHAMBers,178.0,229
9326,kathaRINE RAYNEr,179.0,230
7957,maRGARETTA TAYLOR,180.0,231
1819,terRY Gou,181.0,232
4195,gordON MOOre,182.0,233
3389,james IRVIng,183.0,234
6379,stanLEY KROENke,184.0,235
4497,melker SCHORLing,185.0,236
8223,jOHANN GRAF,186.0,237
1162,guo guANGCHANG,187.0,238
9561,jOHN MALone,188.0,239
7050,xAVIER NIel,189.0,240
2432,silviO BERLUSConi,190.0,241
4122,carL COOK,191.0,242
4801,daviD GEFFEN,192.0,243
6833,hUI WING mau,193.0,244
5685,wALTER KWok,194.0,245
1960,georgE Soros,195.0,246
3835,"edward johNSON, iii.",196.0,247
9384,massimiliana LANDINI ALeotti,197.0,248
1425,DAVID DUFField,198.0,249
5837,george KAISer,199.0,250
4252,patrick sOON-SHIONg,200.0,251
9052,zhoU QUNFEi,201.0,252
1429,nicky opPENheimer,202.0,253
8356,sun PIAOyang,203.0,254
7047,wu YAJun,204.0,255
9297,alexEI KUZMICHEV,205.0,256
1078,STEPHEN ross,206.0,257
5311,vinCENT BOLLORE,207.0,258
8141,pauline MACMILLAN KEINAth,208.0,259
5538,jay y. lee,209.0,260
5251,anders HOLCH povlsen,210.0,261
5575,eli BROAD,211.0,262
2367,miCHAEL KADoorie,212.0,263
9996,iskandeR MAKhmudov,213.0,264
8768,fredeRIK PAULSEn,214.0,265
8647,sun HONGBIN,215.0,266
8926,christY WAlton,216.0,267
5267,shaHID Khan,217.0,268
6345,ananDA KRISHNan,218.0,269
1365,CARRIE PERRODO,219.0,270
9489,quek leNG chan,220.0,271
7182,waNG WENXUE,221.0,272
1792,john DOErr,222.0,273
2420,patRICK DRAhi,223.0,274
3984,eva gonDA DE RIVEra,224.0,275
5047,willi & ISOLDE LIEBHERR,225.0,276
8957,ricardo SALINAS PLIEGO,226.0,277
3565,suh KYUNG-BAe,227.0,278
1000,pOLLYANNA CHU,228.0,279
2999,john FREDRIKsen,229.0,280
9664,GOH CHENG Liang,230.0,281
4538,sri PRAKASH LOHia,231.0,282
8520,lu zHIQIANG,232.0,283
6729,jorn rAUSINg,233.0,284
6411,JOHANN RUPert,234.0,285
5194,jaCQUES SAade,235.0,286
9392,WU SHAOXUN,236.0,287
1736,leonID FEDun,237.0,288
2310,kIM JUNg-ju,238.0,289
3687,sANDRA ORTEGA MERa,239.0,290
9211,jim PATTISon,240.0,291
2477,michaeL PLAtt,241.0,292
4138,chAN LAIWa,242.0,293
2513,david Green,243.0,294
9346,hank & DOUG MEIjer,244.0,295
2682,dmitrY RYBOlovlev,245.0,296
2938,tsai ENG-MENG,246.0,297
5741,ANDREAS VON BECHTOLSHEim,247.0,298
7350,olEG DERIPASka,248.0,299
9259,lIU YONGXING,249.0,300
3130,ludwig MERckle,250.0,301
8146,brIAN ACTON,251.0,302
3454,joHN GRAYKEN,252.0,303
1802,ann waLTON kroenke,253.0,304
5962,augusto & GIORGIO PERFETTi,254.0,305
7252,fINN RAUSING,255.0,306
5301,kirsTEN RAUsing,256.0,307
3282,odd REITan,257.0,308
9681,nASSEF SAWIris,258.0,309
6179,wee cHO yaw,259.0,310
2530,ALOYS WOBBEn,260.0,311
8426,LEON BLack,261.0,312
8654,ivan GLASENBERg,262.0,313
5671,JOHN PAULSon,263.0,314
2029,wei JIANjun,264.0,315
6119,fRANCIS CHoi,265.0,316
1051,eRIVAN Haub,266.0,317
7857,JASON Jiang,267.0,318
9522,suleimAN Kerimov,268.0,319
3492,IAN & RICHARD livingstone,269.0,320
8733,paNG KANG,270.0,321
4133,daviD SHaw,271.0,322
6553,kushAL PAL SINGH,272.0,323
6841,john a. SOBRATo,273.0,324
8979,acharyA BALKrishna,274.0,325
6898,guentHER FIELMANn,275.0,326
2427,daNIEL GIlbert,276.0,327
3325,antoNIA JOHNson,277.0,328
8516,viKRAM lal,278.0,329
7067,AKIRA Mori,279.0,330
8029,maria-elisabeth SCHAEFfler-thumann,280.0,331
6325,albert FRERE,281.0,332
9813,ricHARD KInder,282.0,333
7687,robert KRAft,283.0,334
8880,rALPH LAUren,284.0,335
8912,brUNO SCHroder,285.0,336
2792,nusLI WADia,286.0,337
4970,pierre BEllon,287.0,338
9118,les WEXNER,288.0,339
7426,benU GOPAL BANGUr,289.0,340
3834,david CHERITON,290.0,341
1552,ma JIANRONg,291.0,342
5792,whitney MACMILLAN,292.0,343
1919,DAN OLSson,293.0,344
9482,vivek CHAAND Sehgal,294.0,345
8985,TEH HONG PIOw,295.0,346
7126,abdulla biN AHMAD AL GHURAIR,296.0,347
8907,maRIA ASUNCION ARAMBURUZABala,297.0,348
1209,ralph DOMMERMUth,298.0,349
7407,FRANK LOWY,299.0,350
4890,wolFGANG MArguerre,300.0,351
9000,marijkE MARS,301.0,352
7814,pAMELA mars,302.0,353
9826,valERIE mars,303.0,354
8783,viCTORIA MARS,304.0,355
5441,davID & FREDERIck barclay,305.0,356
9920,"joHN GOKONGWEI, jr.",306.0,357
7422,kWON HYUK-bin,307.0,358
2218,nanCY WALTON laurie,308.0,359
8994,lIN YU-ling,309.0,360
1369,TOM & JUDY Love,310.0,361
8349,roBERT ROWLING,311.0,362
3857,DENNIS WAShington,312.0,363
6082,yao LIANGSOng,313.0,364
9280,zHANG JINDong,314.0,365
8572,juan franciscO BECkmann vidal,315.0,366
1818,dAVID SUn,316.0,367
4638,jOHN Tu,317.0,368
5522,martin VIESSmann,318.0,369
7697,sTEF WERTHEIMEr,319.0,370
8684,haNSJOERG WYSS,320.0,371
3085,jamES DYSon,321.0,372
6638,laureNCE Graff,322.0,373
5836,jeN-HSUN HUANG,323.0,374
3916,CHARLES JOHNson,324.0,375
3838,jerRY JONES,325.0,376
1142,kei hOI PANg,326.0,377
5210,kwEE FAMILY,327.0,378
9952,leE SHIN CHEng,328.0,379
1102,richarD LEFRak,329.0,380
5249,shigENOBU NAGAMORI,330.0,381
9637,steven Rales,331.0,382
4689,friede SPRInger,332.0,383
5893,yeung KIN-MAN,333.0,384
6564,rinat AKHMEtov,334.0,385
2975,sHARI ARISON,335.0,386
1619,dannINE AVARA,336.0,387
1638,raheL BLOCHer,337.0,388
9716,aNDREW CURrie,338.0,389
5732,scott DUNcan,339.0,390
5178,mILANE FRANTZ,340.0,391
4863,DIANE HENDRIcks,341.0,392
9761,magdALENA MARTULLO-BLOCHEr,342.0,393
9156,hiroSHI MIKITANi,343.0,394
1632,gabE NEWell,344.0,395
8415,pan SUTOng,345.0,396
8207,anthONY PRATT,346.0,397
7096,jOHN REEce,347.0,398
4847,randa WILLIAMs,348.0,399
8475,zhang BAngxin,349.0,400
1427,zhaNG SHIPINg,350.0,401
9557,jEAN-MICHEL BESNIER,351.0,402
9584,marie BESNIER BEAUVAlot,352.0,403
2984,richarD DEVOS,353.0,404
7482,michaeL Herz,354.0,405
4954,WOLFGANG HErz,355.0,406
6706,kjeld kirk KRISTIANSEN,356.0,407
2657,SOFIE KIRK KRistiansen,357.0,408
3315,thOMAS KIRK KRistiansen,358.0,409
1389,lam WAI YIng,359.0,410
2207,lin XIUCheng,360.0,411
8392,margariTA LOUIS-DREYFUS,361.0,412
9122,geoRGE ROBErts,362.0,413
8722,"EDWARD ROSKI, JR.",363.0,414
7588,agnete kiRK THINGGAARD,364.0,415
4914,mike ADENUGA,365.0,416
3718,jiM DAVIS,366.0,417
6363,dAVID FILo,367.0,418
9786,PANSY HO,368.0,419
1777,henRY KRAVIS,369.0,420
9204,emanueLE (LINO) Saputo,370.0,421
4143,xu cHUANHUA,371.0,422
4308,alexandER ABRAMOV,372.0,423
1039,israel ENGLANder,373.0,424
2412,frits GOLDSChmeding,374.0,425
8780,mariAN ILITch,375.0,426
3061,bruce KOVNer,376.0,427
7001,gEORGE LUCAS,377.0,428
8267,kalanitHI MARan,378.0,429
5789,elisaBETH MOHn,379.0,430
5535,"robERT RICH, JR.",380.0,431
5103,wang CHUANFu,381.0,432
1176,maRIA FERNANDA AMORim,382.0,433
7789,pYOTR AVEN,383.0,434
6891,berNARD MARCus,384.0,435
6047,pedrO MOREIRA SALLES,385.0,436
2166,frEDERICK SMITH,386.0,437
5063,roNDA STRYker,387.0,438
7677,RICHARD BRANSON,388.0,439
8057,subhasH CHANDRA,389.0,440
3271,DENISE COATES,390.0,441
4952,martha INGRAm,391.0,442
5767,law KAR po,392.0,443
6408,joe LEWIs,393.0,444
1474,GABRIELLA MEISTer,394.0,445
1276,fernaNDO ROBERTO MOREIRA salles,395.0,446
9176,joao mOREIRA SALLES,396.0,447
6516,walther mOREIRA SALles junior,397.0,448
3863,panKAJ Patel,398.0,449
2920,kareN PRItzker,399.0,450
8670,thomas SCHMidheiny,400.0,451
5088,vichai sRIVADDHANAPRABHa,401.0,452
2811,keiichiRO TAKAHARa,402.0,453
6346,m.a. yuSUFf ali,403.0,454
9327,ROBERT BAss,404.0,455
4021,marC BENIOFF,405.0,456
4516,martin & oliVIER BOUygues,406.0,457
6746,chUNG MONG-KOO,407.0,458
7865,cHARLES DOLAN,408.0,459
3445,raY LEE hunt,409.0,460
4119,LIU YONGHao,410.0,461
4546,JOHN OVERDECK,411.0,462
7104,ajAY PIRAMAL,412.0,463
4886,"enriQUE RAZON, jr.",413.0,464
2312,sumner REDSTONE,414.0,465
9713,paolo & gianFELICE mario rocca,415.0,466
7250,reinhoLD SCHMIEding,416.0,467
7511,david SIEgel,417.0,468
5745,aNDREI SKOch,418.0,469
3732,yu YONG,419.0,470
8713,sam ZELL,420.0,471
7233,zhoU JIANPing,421.0,472
1109,bAJAJ BROthers,422.0,473
7090,garreTT CAMp,423.0,474
8045,bubba CAthy,424.0,475
7885,dan CATHY,425.0,476
8286,fu LIQUan,426.0,477
4643,phILIP & CRISTina green,427.0,478
8025,mikhail GUTSERIEv,428.0,479
6718,"rUPERT JOHNSON, jr.",429.0,480
5397,tRAVIS KALANICk,430.0,481
4757,andrEI KOZitsyn,431.0,482
6976,horST PAULMAnn,432.0,483
9770,juLIO PONCE LERou,433.0,484
4027,TREVOR REES-JONEs,434.0,485
9456,marK SCHEINBERG,435.0,486
2170,jefFREY SKOll,436.0,487
8237,muraT ULKEr,437.0,488
6127,daNIEL Ziff,438.0,489
6930,dIRK ZIff,439.0,490
8164,rOBERT Ziff,440.0,491
3394,juergen BLICKLE,441.0,492
8471,berNARD BROErmann,442.0,493
2254,cliVE CALder,443.0,494
7993,stanLEY DRUCKENmiller,444.0,495
8398,ted LERNER,445.0,496
3132,li shUIROng,446.0,497
1897,lIM KOK THay,447.0,498
7535,nIELS PETER LOUIS-HANSen,448.0,499
5919,frEDRIK LUNDBErg,449.0,500
5506,gwendOLYN SONTHEIM meyer,450.0,501
4713,j. chrISTOPHEr reyes,451.0,502
2470,jude REYES,452.0,503
8865,alexandra SCHOerghuber,453.0,504
5017,sHELDON SOLow,454.0,505
1520,luciO Tan,455.0,506
7777,majID AL FUTTAIm,456.0,507
7673,anDREJ BABIs,457.0,508
2876,dona beRTARELLi,458.0,509
1286,caI KUI,459.0,510
1692,biDZINA IVANISHVILI,460.0,511
7414,"jereMY JACOBS, SR.",461.0,512
7700,chris LArsen,462.0,513
8338,patRICK lee,463.0,514
7137,lIANG WENGEN,464.0,515
8657,dENIS O'brien,465.0,516
8689,kapil & RAHUL BHATia,466.0,517
6441,jeaN-PIERRE CAYArd,467.0,518
3791,chey tAE-won,468.0,519
4373,faNG WEi,469.0,520
9083,andrei GURIEV,470.0,521
3861,bertIL Hult,471.0,522
1123,JI CHANGQun,472.0,523
3604,"paul TUDOR JONES, II.",473.0,524
1661,roBERT MILler,474.0,525
3200,sERGEI POpov,475.0,526
9515,juAN ROIG,476.0,527
4221,joHN Sall,477.0,528
5172,leonaRD STERN,478.0,529
8354,yE CHENGhai,479.0,530
1631,aNTHONY BAMFOrd,480.0,531
6016,chu MANG yee,481.0,532
5832,juAN CARLOS ESCOTet,482.0,533
1304,miGUEL FLUXA ROSSEllo,483.0,534
5914,andrew FORRESt,484.0,535
5214,paul GAUSELMAnn,485.0,536
9848,tamarA GUSTavson,486.0,537
4568,micky JAGTIAni,487.0,538
9576,JOHAN JOHANNSON,488.0,539
3472,richARD li,489.0,540
8125,jOHN MORRIS,490.0,541
9331,theo MUEller,491.0,542
6897,akIO NItori,492.0,543
9128,wolfganG REIMANN,493.0,544
8098,MATTHIAS REIMANN-ANDERSen,494.0,545
5812,stEFAN REIMANN-ANdersen,495.0,546
8030,renate REIMANN-haas,496.0,547
8178,robert SMITH,497.0,548
3112,rusS WEINer,498.0,549
9606,jeroNIMO ARango,499.0,550
5779,rahul BAjaj,500.0,551
8842,rainer BLIckle,501.0,552
1966,rocco cOMmisso,502.0,553
4752,giusePPE DE'LONGHi,503.0,554
2543,TILMAN FErtitta,504.0,555
3899,nathaN KIrsh,505.0,556
4171,TERRENCE PEGULA,506.0,557
2654,ROBERT Pera,507.0,558
3906,gary ROLLINS,508.0,559
3064,ranDALL Rollins,509.0,560
1614,aLEJANDRO SANTO DOMINgo,510.0,561
7672,andRES SANTO DOMINGo,511.0,562
1255,phaM NHAT VUong,512.0,563
2913,roGER Wang,513.0,564
9845,sTEPHEN BISCIOtti,514.0,565
2788,"austeN CARGILL, II.",515.0,566
2542,"jamES CARGILL, ii.",516.0,567
1060,archie ALDIS emmerson,517.0,568
2558,antti HERLIN,518.0,569
2394,sumET JIARAVanon,519.0,570
7080,larS LARSen,520.0,571
7980,marianNE LIEbmann,521.0,572
1150,BOBBY MURPHY,522.0,573
5162,iGOR OLENICOFF,523.0,574
2537,"WALTER SCOTT, jr.",524.0,575
4044,"cLEMMIE SPANGler, jr.",525.0,576
7103,wang YUSUo,526.0,577
2308,carl BENnet,527.0,578
9907,ARTHUR BLANK,528.0,579
1882,jaran cHIARavanont,529.0,580
9614,jack & LAURA Dangermond,530.0,581
7045,fan HONgwei,531.0,582
9593,jOHN GAndel,532.0,583
7966,jamES JANNArd,533.0,584
4192,montri JIARAVANOnt,534.0,585
8963,sAMUEL TAK lee,535.0,586
4405,pawan MUNJAl,536.0,587
2371,axel oBERWELLAND,537.0,588
9120,JAMES PAcker,538.0,589
7613,isaac peRLMutter,539.0,590
5559,"h. ross PEROt, sr.",540.0,591
8803,micHAEL PIEPER,541.0,592
6858,thoMAS PRITZKER,542.0,593
8381,"juliaN ROBERTson, jr.",543.0,594
4228,renzO ROSso,544.0,595
9194,hussain SAJWANI,545.0,596
7277,yasumitsU Shigeta,546.0,597
1885,evaN SPIEGEL,547.0,598
2945,WANG XIng,548.0,599
8955,keLCY WARREn,549.0,600
4176,ben ASHKENAZy,550.0,601
1145,ursulA BECHTOLSHEIMer-kipp,551.0,602
3616,otto pHILIPP Braun,552.0,603
4442,che JIANXING,553.0,604
2376,daGMAR Dolby,554.0,605
5308,trauDL ENGELHORN,555.0,606
8759,dan frIEDKIN,556.0,607
1211,SERGEI GALITSKy,557.0,608
8537,huANG RULUN,558.0,609
2446,ERMAN ILIcak,559.0,610
3011,roNALD LAUder,560.0,611
2399,micheL LECLERCq,561.0,612
1541,michaeL MORitz,562.0,613
5004,issad REbrab,563.0,614
3983,nAGUIB SAWiris,564.0,615
7592,richard SCHULZE,565.0,616
7795,b.r. SHEtty,566.0,617
6612,jeff SUtton,567.0,618
8008,toNY TAN CAKTIOng,568.0,619
4884,yu HUIJiao,569.0,620
2713,ZHANG XUEXIn,570.0,621
5616,zhanG YIming,571.0,622
1340,sUHAIL BAhwan,572.0,623
9711,ricK CARUSo,573.0,624
1576,tom GORES,574.0,625
6351,peteR HARGReaves,575.0,626
5631,danIELA Herz,576.0,627
5725,guentER Herz,577.0,628
5902,masatOSHI ito,578.0,629
3223,barrY LAm,579.0,630
7731,sUDHIR & SAMIr mehta,580.0,631
1596,raVI PILLAI,581.0,632
5399,stewart aND LYNDA RESNick,582.0,633
7963,jerry SPeyer,583.0,634
1937,harry STINE,584.0,635
6423,gEORGE Ty,585.0,636
7750,steven UDVAr-hazy,586.0,637
1184,christOPH ZELLER,587.0,638
9968,naTHAN BLECHARczyk,588.0,639
4234,hubert BURDa,589.0,640
2761,cheN DONGSHeng,590.0,641
5173,BRIAN CHEsky,591.0,642
4680,gustaf DOUGLAs,592.0,643
6780,joe GEBBIA,593.0,644
1391,peter GILGan,594.0,645
4022,jeff GREENe,595.0,646
2801,jiANG WEIPIng,596.0,647
3479,dominIKA & SEBASTIAN KULCzyk,597.0,648
9947,li Wa,598.0,649
8472,robERT MCNAir,599.0,650
4611,masAHIRO MIKi,600.0,651
1199,kathARINA OTTO-BErnstein,601.0,652
3124,irA RENNErt,602.0,653
9736,henRY SAMUELI,603.0,654
4532,ZENG FANGQIn,604.0,655
9712,zhANG Jin,605.0,656
8275,nick CAPORELla,606.0,657
2764,marK CUBAN,607.0,658
4512,keN FISher,608.0,659
1852,jaiME GILINSKI BACAL,609.0,660
5360,andrEAS HALVORSEN,610.0,661
7072,H. FISK JOHNson,611.0,662
6034,imOGENE POWERs johnson,612.0,663
3619,s. CURTIS JOHNson,613.0,664
4785,heleN JOHNSON-LEipold,614.0,665
1402,winifred jOHNSon-marquart,615.0,666
9077,viATCHESLAV kantor,616.0,667
5704,samveL KARAPETyan,617.0,668
1530,marc ladREIT DE LACHARRIEre,618.0,669
6041,aNGELA LEOng,619.0,670
2570,li GAITEng,620.0,671
4649,manGAL PRABHAT LODha,621.0,672
9248,miCHAEL Milken,622.0,673
3907,yURI MILNer,623.0,674
2754,andreas STRUENGMann,624.0,675
8740,thomas stRUengmann,625.0,676
2269,tSE PIng,626.0,677
2122,yitZHAK TSHUva,627.0,678
3950,samUEL YIN,628.0,679
9565,micHAEL ASHley,629.0,680
8576,caO LONGXIANg,630.0,681
8120,jefFERY HILDEBrand,631.0,682
1268,jiANG RENSHENg,632.0,683
3713,"edward jOHNSON, iv.",633.0,684
6235,elizabeTH JOHNSon,634.0,685
7624,pETER KELLOGG,635.0,686
8881,LIM SUNG-ki,636.0,687
6367,friEDHELM loh,637.0,688
5620,kiran MAZUMdar-shaw,638.0,689
3755,idAN Ofer,639.0,690
3292,karsaNBHAI Patel,640.0,691
6977,qin YINGLin,641.0,692
2280,qIU GUANGhe,642.0,693
2439,sarath RATANavadi,643.0,694
4687,roDGER RINEY,644.0,695
7416,steven SPIELberg,645.0,696
9707,gabriele VOLKMANN,646.0,697
9911,arnE WILHELMSEN,647.0,698
5703,xu JINGRen,648.0,699
7718,zhaNG LI,649.0,700
4260,zhANG XIN,650.0,701
5699,anita ZUCKer,651.0,702
6614,carlo BENEtton,652.0,703
7570,giLBERTO BENETTon,653.0,704
6269,giuliaNA BENETTON,654.0,705
7928,lUCIANO BEnetton,655.0,706
7041,cheN BANG,656.0,707
6174,kuldip SINGH & GURBACHAN SINGH DHIngra,657.0,708
6936,ABILIO DOS SANTOS diniz,658.0,709
9931,bernARD ECCLEStone,659.0,710
8337,jUDY FAULKNER,660.0,711
2579,gAO TIAnguo,661.0,712
4562,joshuA HArris,662.0,713
9078,arTHUR IRVIng,663.0,714
4571,babA KALYANi,664.0,715
5571,dmiTRY KAMENSHChik,665.0,716
7991,dOUGLAS Leone,666.0,717
5612,edwIN Leong,667.0,718
6853,arnon MILChan,668.0,719
3794,mAREN OTto,669.0,720
7134,antHONY PRitzker,670.0,721
9229,jay roberT (J.B.) PRitzker,671.0,722
8329,mitchelL Rales,672.0,723
8051,kjell iNGE rokke,673.0,724
3108,"beRNARD SAUL, ii.",674.0,725
2944,dONALD STErling,675.0,726
8903,TAHIr,676.0,727
2588,chairUL TANJUNG,677.0,728
7970,clemens TOENNIES,678.0,729
1887,somphotE AHUNai,679.0,730
7401,IGOR ALTUSHKIn,680.0,731
8677,riley BECHTel,681.0,732
3452,"stephEN BECHTEL, JR.",682.0,733
1575,mike cannON-Brookes,683.0,734
2512,rafael dEL PINO Y calvo-sotelo,684.0,735
9068,antONIO DEL VALLe ruiz,685.0,736
2397,scotT FARquhar,686.0,737
8682,linDSAY FOX,687.0,738
5758,jimmY HASLam,688.0,739
4219,hEIDI HORTen,689.0,740
2372,MIN KAO,690.0,741
8688,MELISSA ma,691.0,742
3162,RUDOLF MAAG,692.0,743
8456,alexander PONOMarenko,693.0,744
8906,caRLOS RODRIGUEZ-Pastor,694.0,745
2861,shashi & RAVi ruia,695.0,746
8514,tedDY SAGI,696.0,747
6313,shAUL SHANi,697.0,748
3754,alEXANDER SKOROBogatko,698.0,749
9135,SUN GUANGXin,699.0,750
9964,riTA TONG LIU,700.0,751
9265,juaN-MIGUEL VILLAR Mir,701.0,752
4779,stevE WYNn,702.0,753
3773,anil aGARWAl,703.0,754
9571,abdulla AL FUTTAim,704.0,755
7863,john ARNOld,705.0,756
6582,sid BAss,706.0,757
7619,alaiN BOUChard,707.0,758
3471,john BROwn,708.0,759
9868,vanich cHAIYAWan,709.0,760
7946,chEN LIP KEONg,710.0,761
1726,charlES COHEn,711.0,762
3016,ashwiN dani,712.0,763
7831,RAKESH GANGWAl,713.0,764
7760,reid HOFFMAn,714.0,765
5037,"amos HOSTETTER, JR.",715.0,766
2857,zARAKH Iliev,716.0,767
4644,jI QI,717.0,768
5316,kenneTH LANGONE,718.0,769
7891,li sZE lim,719.0,770
7968,GEORGE LINDEMann,720.0,771
7902,liU ZHONGTIAN,721.0,772
7860,LUO LIGUO,722.0,773
5565,mary aLICE DORRANCE MALONE,723.0,774
8458,"henrY NICHOLAS, III.",724.0,775
1745,GOD NISANOV,725.0,776
2925,paT STRYker,726.0,777
5296,alexander SVETAKOV,727.0,778
2762,hANS PETER WILD,728.0,779
4854,yvONNE BAUer,729.0,780
1982,pATRIZIO BERTELLI,730.0,781
7958,nEIL BLuhm,731.0,782
8010,ANDREW & PEGGY CHERNG,732.0,783
4887,scott COOK,733.0,784
1137,leoN G. COOPERman,734.0,785
3468,john paUL Dejoria,735.0,786
7596,MARTIN EBner,736.0,787
7989,wALTER FARIa,737.0,788
3279,sameer GEhlaut,738.0,789
3753,TOM GOLISANO,739.0,790
3608,otto HAPPEL,740.0,791
7961,JIANG Bin,741.0,792
7892,karEL KOMAREK,742.0,793
6880,kurt KRIEGer,743.0,794
8830,TIMUR KULIBAEv,744.0,795
4127,dinARA KULIBAEVA,745.0,796
1412,spiro LATSIS,746.0,797
4774,danIEL LOeb,747.0,798
3913,luO JYE,748.0,799
3742,ronaLD MCAULAy,749.0,800
4148,alAIN MERieux,750.0,801
7007,hanS GEORG NAEDER,751.0,802
1811,nIE TENGYUn,752.0,803
1430,daniEL OCh,753.0,804
5040,miuccIA Prada,754.0,805
9235,mARC ROWAN,755.0,806
2493,haim SABan,756.0,807
9516,ALVARO SAIEH BENDECk,757.0,808
1297,miCHAEL & REINER SCHMIDT-ruthenbeck,758.0,809
5182,lynN SCHUSTERMAn,759.0,810
3414,mARK SHoen,760.0,811
7816,michaL SOLOWow,761.0,812
2885,daniEL TSAI,762.0,813
8690,richARD tsai,763.0,814
5519,FRANK WANG,764.0,815
1049,meg WHItman,765.0,816
9747,JOHN CATSIMATIDIS,766.0,817
4140,do won & jiN SOOK CHANG,767.0,818
9178,cheng chEUNG LING,768.0,819
3429,barry DILLER,769.0,820
7538,jack DORSEy,770.0,821
5570,yakir GAbay,771.0,822
5036,alLAN GOldman,772.0,823
7060,jane GOLdman,773.0,824
5156,amy golDMAN FOWLer,774.0,825
1086,daryl KAtz,775.0,826
5192,dianE KEMPEr,776.0,827
4978,vladimIR kim,777.0,828
2600,lai MEISong,778.0,829
1438,manuel lAO HERNANdez,779.0,830
2689,james LEPrino,780.0,831
8691,lianG XINJUn,781.0,832
9967,tOM MORris,782.0,833
6298,thi phUONG THAO NGUYEn,783.0,834
3056,rajan RAheja,784.0,835
7450,ren JIANHUA,785.0,836
7320,richarD SAnds,786.0,837
4258,keRRY STOKes,787.0,838
2002,donaLD TRUMP,788.0,839
9959,romesh T. WADhwani,789.0,840
5038,wanG JIan,790.0,841
5521,cliFFORD ASNESS,791.0,842
8974,anne bEAUFOUr,792.0,843
6453,henri BEAUFOUr,793.0,844
9543,tom BENSON,794.0,845
1687,JIM BREYEr,795.0,846
8998,alejANDRO BUlgheroni,796.0,847
5195,hasMUKH CHUDGAR,797.0,848
3343,enNIO DOris,798.0,849
1649,luiS FRIAS,799.0,850
3241,valentin GAPONTSEv,800.0,851
4061,MARTIN HAefner,801.0,852
4324,chriSTOPHEr hohn,802.0,853
2825,jOHNELLE hunt,803.0,854
9044,rakESH JHUNJHUNWala,804.0,855
9076,lu xIANGyang,805.0,856
9497,johN MIDDLETON,806.0,857
4382,kazUO Okada,807.0,858
5700,JORGE PERez,808.0,859
2346,prasert pRASARTTONG-OSOTH,809.0,860
4180,jean (GIGI) PRItzker,810.0,861
9503,MOCHTAR RIADy,811.0,862
8560,arkadY ROTENBERG,812.0,863
7637,michaEL RUBIN,813.0,864
1733,robert SANDs,814.0,865
1645,herberT SIMON,815.0,866
6107,roBERT TOENNIES,816.0,867
8698,manUEL Villar,817.0,868
1764,DON VULTaggio,818.0,869
7792,wang ZHENHUA,819.0,870
7402,wu KAITING,820.0,871
8846,siMON xie,821.0,872
7152,chUCK BUNDRANT,822.0,873
3163,caI DONGCHEn,823.0,874
9832,jose aND FRANCISCO JOse calderon rojas,824.0,875
4371,jasoN CHAng,825.0,876
6152,smITA CRISHNA-godrej,826.0,877
4620,ding sHIZHONG,827.0,878
3693,feNG HAILIANG,828.0,879
1182,geralD FOrd,829.0,880
3005,philippe fORIEL-DESTEZet,830.0,881
6180,adi GODREj,831.0,882
7544,jaMSHYD Godrej,832.0,883
3961,nadir GODREJ,833.0,884
3213,joseph GREndys,834.0,885
2298,hedda im BRAHM-droege,835.0,886
1529,ke zuNHONG,836.0,887
5707,rANDAL KIRK,837.0,888
4281,ALICIA KOPlowitz,838.0,889
3131,KWEK LENG beng,839.0,890
6241,LOUIS LE duff,840.0,891
7622,yUSAKU MAEZawa,841.0,892
4206,serGIO MANtegazza,842.0,893
6879,hans mELCHErs,843.0,894
5116,erwin fraNZ MUeller,844.0,895
5610,rishaD NAOroji,845.0,896
6596,huSNU OZYEGIn,846.0,897
7053,prajogO PANgestu,847.0,898
9859,JEFF ROTHSChild,848.0,899
5891,thoMAS SIEbel,849.0,900
9260,paul SINGER,850.0,901
6224,RALPH SONNENberg,851.0,902
9727,jon sTRYKER,852.0,903
5165,gEORG STUMPf,853.0,904
9985,tsAI HONG-Tu,854.0,905
9213,vincenT Viola,855.0,906
4433,RADOVAN vitek,856.0,907
9341,wang lAIChun,857.0,908
8089,wang lAISHENG,858.0,909
5813,carLOS ARDILA lülle,859.0,910
5478,"wiLLIAM CONWAY, jr.",860.0,911
3858,danIEL D'Aniello,861.0,912
7556,jim DAVis,862.0,913
3179,ding SHijia,863.0,914
2741,"joHN DORRANCE, Iii.",864.0,915
1748,doRIS FISher,865.0,916
4196,johN FISHEr,866.0,917
8601,caroliNE HAGEN KJOs,867.0,918
6892,KIEU HOANG,868.0,919
4939,huaNG SHIH Tsai,869.0,920
9320,h. WAYNE HUIZENGa,870.0,921
2273,OSMAN KIBar,871.0,922
5666,aloKE LOhia,872.0,923
9246,taha MIKATI,873.0,924
1993,philiP NIARCHOS,874.0,925
7412,stEFAN OLSson,875.0,926
5273,SEBASTIAN PIÑEra,876.0,927
8616,PENNY PRITZKER,877.0,928
2261,NICOLAS PUEch,878.0,929
8492,chaNDRU RAHeja,879.0,930
2651,david ruBENSTein,880.0,931
1870,shi YUZHu,881.0,932
4530,zygmuNT SOLORZ-ZAK,882.0,933
6896,TUNG CHEE chen,883.0,934
7460,MARK WAlter,884.0,935
8158,"william WRIGLEY, JR.",885.0,936
1571,mortiMER ZUCKErman,886.0,937
8401,mohed ALTRAD,887.0,938
2631,anil AMbani,888.0,939
5881,ROBERTO ANGELini rossi,889.0,940
2332,saeed bin BUTTI AL QEBaisi,890.0,941
4079,pierrE chen,891.0,942
6626,ray DAVIS,892.0,943
7518,"edward deBARTOLO, JR.",893.0,944
1454,bennetT DORRANce,894.0,945
5115,eduardo EURNEKian,895.0,946
1242,piero FERRARI,896.0,947
3290,fioNA GEMINDER,897.0,948
9286,GU YUHUA,898.0,949
1857,don HANkey,899.0,950
6508,REED HASTINGs,900.0,951
3505,huaNG WEI,901.0,952
9833,jameS IRSay,902.0,953
2390,kim BEOM-su,903.0,954
6428,mustAFA kucuk,904.0,955
7225,mohamed MAnsour,905.0,956
8239,NAJIB MIKATI,906.0,957
1738,ermirIO PEREIRA DE MORAes,907.0,958
2822,BOB PARSons,908.0,959
4935,kRIT RATANARak,909.0,960
9525,helENA REVOREDO,910.0,961
6491,philLIP RUFFIN,911.0,962
1821,howarD SChultz,912.0,963
5780,E. JOE Shoen,913.0,964
6407,THOMAS STRAUMann,914.0,965
4508,laWRENCE STROLl,915.0,966
4121,aNDREW Tan,916.0,967
2024,tsai cHEng-da,917.0,968
9395,fRANK VANDERSLOOT,918.0,969
7969,sandro VERONESI,919.0,970
4531,tY WARNer,920.0,971
6353,oprah WINFRey,921.0,972
3031,zhanG WENZHong,922.0,973
1139,zuo HUi,923.0,974
5543,juan ABELLo,924.0,975
7817,SEMAHAT SEVIM ARSEL,925.0,976
8052,bang JUN-hyuk,926.0,977
5934,koOS BEkker,927.0,978
2453,david BONDERman,928.0,979
8026,francesco gAETANO caltagirone,929.0,980
6870,JOHN CAUdwell,930.0,981
4389,chen FAshu,931.0,982
2655,chung EUi-sun,932.0,983
5346,ISABEL DOS SANTos,933.0,984
5223,fong YUN wah,934.0,985
6690,philLIP FROSt,935.0,986
9785,lUTZ MARIO HELMIG,936.0,987
5488,b. wayNE HUghes,937.0,988
6664,daniel KRETINsky,938.0,989
4808,rAJ KUMAR & KISHIN RK,939.0,990
4347,lam KONG,940.0,991
9897,LAU CHO Kun,941.0,992
4839,"stepHEN MANDEL, jr.",942.0,993
1205,gILLES MARTIN,943.0,994
4963,danieL Mate,944.0,995
5650,ROBERT MILLer,945.0,996
1660,jorge mOLL filho,946.0,997
9394,maria helenA MORAES SCRIPILLITI,947.0,998
2702,sean PARKER,948.0,999
9496,jAY PAUl,949.0,1000
7498,paTRICK Ryan,950.0,1001
7481,thOMAS SECunda,951.0,1002
2142,shEN WENRONG,952.0,1003
7441,sHEN YUxing,953.0,1004
2479,GIL SHWED,954.0,1005
2869,song ZUOWEn,955.0,1006
4616,warren STEPHENs,956.0,1007
8499,glEN TAYLOR,957.0,1008
6864,hanni toOSBUY Kasprzak,958.0,1009
7542,torbjoRN TORNQVIST,959.0,1010
2727,BULAT UTEMURatov,960.0,1011
9519,chIP WILSON,961.0,1012
8697,jerry YANG,962.0,1013
8264,zHANG FAN,963.0,1014
1526,zhu XINGLIANG,964.0,1015
5718,ramoN ANG,965.0,1016
2576,edwaRD BAss,966.0,1017
7736,lee BAss,967.0,1018
1682,BERT BEVERIdge,968.0,1019
2823,georGE BISHop,969.0,1020
1089,jaimE BOTin,970.0,1021
6588,nORMAN BRAMan,971.0,1022
8076,chin JONG HWA,972.0,1023
5855,cHO TAK WOng,973.0,1024
3630,john COATEs,974.0,1025
6115,DU JIANGTao,975.0,1026
1842,ALOYSIO DE ANDRade faria,976.0,1027
9657,kennETH FEld,977.0,1028
4023,lucA GARAVOglia,978.0,1029
9025,noam gOTTESMAn,979.0,1030
1353,JONATHAN gray,980.0,1031
3808,stein ERIK hagen,981.0,1032
4218,chANG-WOO HAN,982.0,1033
9114,johN HENRY,983.0,1034
5011,LAWRENCE ho,984.0,1035
5795,huI LIN chit,985.0,1036
6900,mUSTAFA RAHMI koc,986.0,1037
1447,kUAN KAM Hon,987.0,1038
3627,jane LAUDer,988.0,1039
9089,aerin laUDER ZINterhofer,989.0,1040
2492,maritsa Lazari,990.0,1041
1437,beRNARD LEWIS,991.0,1042
3952,vinCENT LO,992.0,1043
9899,jeffreY LORBERBAum,993.0,1044
3840,JOE MANSUeto,994.0,1045
9686,jose robeRTO MARINHO,995.0,1046
9658,robERTO IRINEU Marinho,996.0,1047
3247,C. DEAN METROPOUlos,997.0,1048
2425,aristotelis MISTAKIDIs,998.0,1049
4564,arTURO MORENO,999.0,1050
8015,yoshIKO MORI,1000.0,1051
9447,ADAM NEUMANN,1001.0,1052
6129,or waI SHEun,1002.0,1053
2410,richARD peery,1003.0,1054
6966,horst juliUS pudwill,1004.0,1055
4436,p.v. ramprASAD reddy,1005.0,1056
8449,larry ROBBINS,1006.0,1057
4720,carloS SANCHEZ,1007.0,1058
4888,stephaN SCHMIDHEINy,1008.0,1059
2392,klaus-pETER SCHULEnberg,1009.0,1060
2309,CHARLES SIMOnyi,1010.0,1061
7590,mARK STEVens,1011.0,1062
1185,sze MAN bok,1012.0,1063
8126,sarik Tara,1013.0,1064
1325,lotTIE THAm,1014.0,1065
8390,petER THIEl,1015.0,1066
8508,eLAINE WYnn,1016.0,1067
9842,deNISE York,1017.0,1068
5181,daviD ZALIK,1018.0,1069
1455,zHAO TAO,1019.0,1070
5652,GEORGE ARGYROS,1020.0,1071
6682,john ARRILLaga,1021.0,1072
2899,CHARLES BRonfman,1022.0,1073
3880,peTER BUCk,1023.0,1074
9010,chEN JINxia,1024.0,1075
3871,viVIEN CHEn,1025.0,1076
8776,cHU LAM YIU,1026.0,1077
8913,JEAN COUTU,1027.0,1078
3788,jose LUIS CUTRAle,1028.0,1079
5860,jAI HARI & YADU hari dalmia,1029.0,1080
1031,bergiT DOUGLas,1030.0,1081
7234,alfredO EGYDIO ARRUDA VILLELA FILHo,1031.0,1082
2766,marcEL Erni,1032.0,1083
2966,andre ESTEVEs,1033.0,1084
1342,CARLO FIDani,1034.0,1085
8185,aBHAY FIrodia,1035.0,1086
3143,alfrED GAntner,1036.0,1087
7527,GENG JIANMING,1037.0,1088
7056,mitchELL GOLDhar,1038.0,1089
1280,hortENSIA HERRERO,1039.0,1090
3057,micHAEL HINTZE,1040.0,1091
6518,IGOR KESAEV,1041.0,1092
8637,koON POH Keong,1042.0,1093
1635,hermann LAngness,1043.0,1094
9992,li ZHONGCHU,1044.0,1095
7895,aleXANDER MAmut,1045.0,1096
4163,joao robERTO MArinho,1046.0,1097
1076,"dRAYTON MCLANe, jr.",1047.0,1098
5035,pATRICE MOTSEPE,1048.0,1099
9613,alFRED Oetker,1049.0,1100
2595,AUGUST OETKER,1050.0,1101
4438,carl feRDINANd oetker,1051.0,1102
9356,chriSTIAN Oetker,1052.0,1103
4770,juliA OEtker,1053.0,1104
5150,richaRD OETker,1054.0,1105
9409,daniel PRITZKER,1055.0,1106
8964,JOHN PRITZKER,1056.0,1107
1113,nevalDO rocha,1057.0,1108
3526,luiGI ROVAti,1058.0,1109
4750,feRIT FAIK SAhenk,1059.0,1110
9416,rosely sCHWEIZER,1060.0,1111
8007,eRIC SMidt,1061.0,1112
3166,ALEXANDER SPANOS,1062.0,1113
6416,lEENA TEWARi,1063.0,1114
3379,tonG JINQUan,1064.0,1115
2295,PETER Unger,1065.0,1116
7874,sunny VARKey,1066.0,1117
1260,URS WIETLISBACh,1067.0,1118
4264,MICHAEL ying,1068.0,1119
4141,YU MINHONg,1069.0,1120
5667,eva mARIA BUCHER-HAEFNer,1070.0,1121
8362,cHEN Hua,1071.0,1122
8171,gustAVO DENEGRI,1072.0,1123
4578,dermOT DESmond,1073.0,1124
9079,muRALI DIVI,1074.0,1125
2715,THOMAS FLohr,1075.0,1126
7428,beRNARD FRAISSe,1076.0,1127
7793,HARSH GOEnka,1077.0,1128
2195,david gOTTesman,1078.0,1129
7192,murlI DHAR & BIMAL KUMAR GYANCHandani,1079.0,1130
2423,bill HASLAm,1080.0,1131
5379,hu BAIFAN,1081.0,1132
7784,W. HERBERT HUNt,1082.0,1133
3152,aliJAN IBRAGImov,1083.0,1134
3009,bradley JACObs,1084.0,1135
3087,brAD KELLey,1085.0,1136
8932,vINOD KHOsla,1086.0,1137
2364,stEPHEN LANSDOWN,1087.0,1138
7132,marTIN lau,1088.0,1139
7480,LEE JOONG-KEUN,1089.0,1140
6123,lin Li,1090.0,1141
1355,keNNETH Lo,1091.0,1142
6884,alexander MACHkevich,1092.0,1143
4573,claYTON MATHILE,1093.0,1144
8483,stanLEY Perron,1094.0,1145
6814,j. JOE RICKetts,1095.0,1146
9220,DIRK ROSSMANN,1096.0,1147
4805,FILIZ SAHENK,1097.0,1148
8969,dan SNYDER,1098.0,1149
8348,pETER SPUhler,1099.0,1150
8042,tang YIU,1100.0,1151
5039,JOHN TYSon,1101.0,1152
5097,wonG MAn li,1102.0,1153
8649,lia MARIA aguiar,1103.0,1154
3129,aziz AKHANNOUch,1104.0,1155
8372,ron BAron,1105.0,1156
7386,shyam & HARI BHARTIa,1106.0,1157
7311,timoTHY BOYLE,1107.0,1158
7533,tatianA CASIRaghi,1108.0,1159
6642,chAN TAN CHING-FEN,1109.0,1160
3756,"chase COLEMAN, iii.",1110.0,1161
3704,marK COOMBS,1111.0,1162
6669,jamES COulter,1112.0,1163
6519,dulce puglieSE DE GOdoy bueno,1113.0,1164
7338,ana lucia DE MATTOS Barretto villela,1114.0,1165
6945,"frank fERTITTA, IIi.",1115.0,1166
8836,lorenZO FERTITTA,1116.0,1167
3781,mariA FRANCA FISSolo,1117.0,1168
4660,alexANDER FROLOV,1118.0,1169
3598,"ERNEST GARCIA, ii.",1119.0,1170
8276,alexandRE GRENDENE BARTELLE,1120.0,1171
8714,vinoD & ANIL RAi gupta,1121.0,1172
9794,TORSTEIN hagen,1122.0,1173
6310,he QIAonv,1123.0,1174
8696,hans-WERNER HECTOr,1124.0,1175
5492,stanley HUBBArd,1125.0,1176
5827,kE XIPINg,1126.0,1177
4158,SUNA KIRAC,1127.0,1178
7807,kong jIAN MIn,1128.0,1179
3744,koo BON-MOO,1129.0,1180
7939,heIKKI KYOSTila,1130.0,1181
7729,THOMAS Lee,1131.0,1182
8578,eRIC LEFKOFSKy,1132.0,1183
6762,pETER LIm,1133.0,1184
4475,sCOTT LIN,1134.0,1185
7142,TOMAS OLIVo lopez,1135.0,1186
6384,phillip t. (TERRY) RAGOn,1136.0,1187
9448,stewaRT Rahr,1137.0,1188
7693,t. deNNY SANford,1138.0,1189
9154,"juliO MARIO SANTO DOMINgo, iii.",1139.0,1190
4781,"karl SCHEUFELE, Iii.",1140.0,1191
2395,shen GUOJUn,1141.0,1192
2639,alain TARAVElla,1142.0,1193
2982,oleg TINKOV,1143.0,1194
2772,t.Y. TSai,1144.0,1195
1018,tung cHEE HWA,1145.0,1196
4547,teD TURNER,1146.0,1197
1828,suNIL VASWANI,1147.0,1198
8543,jitENDRA VIRWAni,1148.0,1199
9536,lang WALKer,1149.0,1200
5160,wU ZHIGANG,1150.0,1201
2253,xiaO WEnge,1151.0,1202
3356,xIONG XUQIANG,1152.0,1203
7317,takao YASUDA,1153.0,1204
5858,wiLLIAM YOUNG,1154.0,1205
7158,edDIE & SOL Zakay,1155.0,1206
3893,ZHANG XIUGEN,1156.0,1207
8211,LESLIE ALEXANDer,1157.0,1208
6810,PATRICIA ANGELINI Rossi,1158.0,1209
8588,josEF BOQUOI,1159.0,1210
9821,nikolai BUInov,1160.0,1211
4645,richARD CHANDLER,1161.0,1212
5243,cHENG XUE,1162.0,1213
5668,pATOKH CHODIEv,1163.0,1214
9057,choo CHONG NGEN,1164.0,1215
4723,todD CHRIStopher,1165.0,1216
3113,JOHN DE Mol,1166.0,1217
3647,bOB GAGLArdi,1167.0,1218
3161,goRDON GETTy,1168.0,1219
6091,philippe GINEStet,1169.0,1220
5653,saNJIV GOENka,1170.0,1221
9425,aLEC GORES,1171.0,1222
9912,DAVID HAINS,1172.0,1223
7661,bahaA HARIRi,1173.0,1224
3536,william HEINEcke,1174.0,1225
5276,huang HOngyun,1175.0,1226
1804,huanG ZHenda,1176.0,1227
1983,RAVI JAIpuria,1177.0,1228
9847,jianG YEHUA,1178.0,1229
5094,mANUEL JOVe,1179.0,1230
6769,willibeRT KRUEGER,1180.0,1231
1152,KUOK KHOON hong,1181.0,1232
4277,chrISTIAN LATOUCHE,1182.0,1233
4076,guENTHER LEhmann,1183.0,1234
6223,lI HONGXIN,1184.0,1235
4010,lI XITINg,1185.0,1236
1712,LIANG YUNChao,1186.0,1237
7634,brANDT Louie,1187.0,1238
9126,catheriNE Lozick,1188.0,1239
5576,igor MAKARov,1189.0,1240
5428,maO LIXiang,1190.0,1241
3261,harsh MARIWALA,1191.0,1242
5638,mARTIN MOLLER NIELSen,1192.0,1243
7387,davID MUrdock,1193.0,1244
2871,n.r. narAYANa murthy,1194.0,1245
8399,geORG NEMETSCHEK,1195.0,1246
9008,vikAS OBEroi,1196.0,1247
9819,maJA OEri,1197.0,1248
8702,ong BENG SENG AND CHRISTINA ONg,1198.0,1249
1002,"H. ROSS PEROt, jr.",1199.0,1250
4491,TOR PETERSON,1200.0,1251
1104,helOISE PRATT,1201.0,1252
3586,ALEXEY Repik,1202.0,1253
4657,shiN CHANG-jae,1203.0,1254
1805,kavitark RAM shriram,1204.0,1255
4367,syLVIA STroeher,1205.0,1256
8614,katsuMI TADa,1206.0,1257
3720,TANG SHING-bor,1207.0,1258
2291,geORG VON OPEl,1208.0,1259
7278,david wALENtas,1209.0,1260
1381,ronALD WANEK,1210.0,1261
1222,WANG CHANGTIAn,1211.0,1262
1917,wang wENJING,1212.0,1263
6528,ye cHENG,1213.0,1264
1590,zHU GONGSHAn,1214.0,1265
9781,anTTI AARNIo-wihuri,1215.0,1266
4807,s. dANIEL ABRaham,1216.0,1267
1794,joaO ALVES DE QUEIROz filho,1217.0,1268
6999,mika ANTTONen,1218.0,1269
8525,tHOR BJORGOLFSSOn,1219.0,1270
9330,anDREI BOKArev,1220.0,1271
1478,bERNHARD BRAUN-LUEDICKE,1221.0,1272
7813,eva marIA BRAUN-Luedicke,1222.0,1273
2735,frieDERIKE BRAUN-LUEDICKE,1223.0,1274
9725,ron bURKLE,1224.0,1275
7397,vivek CHAND burman,1225.0,1276
4270,chEN YUNG-Tai,1226.0,1277
8746,JAMES CLARK,1227.0,1278
7524,christoPHER CLINE,1228.0,1279
6492,alexanDRA DAITch,1229.0,1280
5435,doNG WEI,1230.0,1281
9691,fritZ DRAEXlmaier,1231.0,1282
4842,gLENN DUBIN,1232.0,1283
4232,roberT DUGGan,1233.0,1284
3114,jAYME GARFINKel,1234.0,1285
6854,sAM GOI,1235.0,1286
6097,THOMAS Hagen,1236.0,1287
2068,carlos HANK rhon,1237.0,1288
3793,chrISTOPH HENKEL,1238.0,1289
4348,hu kAIJUN,1239.0,1290
2759,HUANG Yi,1240.0,1291
4598,rameSH JUNEja,1241.0,1292
7322,brUCE Karsh,1242.0,1293
6709,henRY LAUFER,1243.0,1294
5204,leE BOO-Jin,1244.0,1295
6373,lee JAY-HYUN,1245.0,1296
8082,wolfgang LEITNER,1246.0,1297
8589,li Ge,1247.0,1298
5477,hARALD LInk,1248.0,1299
6198,liu miNG Hui,1249.0,1300
1845,jeFFREY lurie,1250.0,1301
1699,MA XINGTIAn,1251.0,1302
8143,sarah MACMILLAN,1252.0,1303
5092,HOWARD MArks,1253.0,1304
4075,MIAO SHOULIang,1254.0,1305
2415,lachhmaN DAS MITTAL,1255.0,1306
2842,mario mORETTI POLEGATO,1256.0,1307
7974,vadIM MOSHKOVICh,1257.0,1308
7003,mofaTRAJ munot,1258.0,1309
2352,jonatHAN NELSON,1259.0,1310
3107,floRENTINO PEREZ,1260.0,1311
6964,chuchat & daONAPA PETAUMpai,1261.0,1312
9021,peter PETerson,1262.0,1313
9635,arvind POddar,1263.0,1314
5969,MURDAYA poo,1264.0,1315
5985,rEN ZHENGFEI,1265.0,1316
9948,antonY RESsler,1266.0,1317
3070,francisco JOSE riberas mera,1267.0,1318
9309,rODNEY SACKS,1268.0,1319
9464,hilton SCHLOSBErg,1269.0,1320
6623,briaN SHEth,1270.0,1321
5681,LUCY STItzer,1271.0,1322
1703,SU SUYU,1272.0,1323
7198,sATOSHI Suzuki,1273.0,1324
5405,katherinE TANner,1274.0,1325
2590,arvinD TIKU,1275.0,1326
2131,wang LIping,1276.0,1327
4366,WANG XICHEng,1277.0,1328
4316,WEI SHAOJUN,1278.0,1329
9036,amY WYSs,1279.0,1330
6038,jon YARBrough,1280.0,1331
9458,vladIMIR YEVTUSHENKOV,1281.0,1332
8946,charlES ZEGAR,1282.0,1333
8725,zHU BAOGuo,1283.0,1334
8652,saif AL GHURAIR,1284.0,1335
6214,sYED MOKHTAR ALBUKHARY,1285.0,1336
9433,mIRIAM BAUMANN-BLOCHER,1286.0,1337
6096,albert BERNer,1287.0,1338
4301,thomAS BRuch,1288.0,1339
2452,chaNG YUN chung,1289.0,1340
8066,kiat cHIARAVAnont,1290.0,1341
3481,jEAN-PAUL AND MARTINe clozel,1291.0,1342
1920,benjamiN DE ROTHSCHild,1292.0,1343
5878,james DINAN,1293.0,1344
4271,chaRLES EDELSTENNE,1294.0,1345
7247,bERND FReier,1295.0,1346
8943,BILL GROSS,1296.0,1347
6631,jeffrey GUNDlach,1297.0,1348
7514,sUAT GUNsel,1298.0,1349
3762,shmueL HARLAp,1299.0,1350
8882,rOBERTO HERNANDEZ ramirez,1300.0,1351
7157,JOHANNES KAERCHER,1301.0,1352
9281,fRIEDRICH KNapp,1302.0,1353
7987,lee MYUNG-hee,1303.0,1354
3759,LEE SEO-HYUN,1304.0,1355
1021,liang JIANKUN,1305.0,1356
1610,liao lONG-SHING,1306.0,1357
3748,lin SHU-Hong,1307.0,1358
6987,yasSEEN MANSOUr,1308.0,1359
9445,daviD NAHmad,1309.0,1360
4415,alexanDER Nesis,1310.0,1361
4624,nANDAN NILekani,1311.0,1362
9799,ranjAN Pai,1312.0,1363
9188,pARK HYEON-joo,1313.0,1364
6852,jenNIFER Pritzker,1314.0,1365
6088,qiu jiANPING,1315.0,1366
5796,megdet RAHIMkulov,1316.0,1367
6244,vito rodRIGUEZ rodriguez,1317.0,1368
2686,stephEN RUBin,1318.0,1369
3699,reMO RUFFINi,1319.0,1370
8317,erik SELIN,1320.0,1371
3591,peteR SONDAKH,1321.0,1372
8413,alan N. Trefler,1322.0,1373
9631,tsenG SHIN-Yi,1323.0,1374
1072,masateRU Uno,1324.0,1375
8376,wanG QINGTAo,1325.0,1376
8254,evaN WILliams,1326.0,1377
7029,gustAV MAGNAR WITZOe,1327.0,1378
4478,hoRST WORTMann,1328.0,1379
1483,xiao yONGMIng,1329.0,1380
4852,XIE ZHIKUN,1330.0,1381
9860,xuE XIANGDOng,1331.0,1382
2980,YUAN YAFEi,1332.0,1383
7973,robIN ZENG,1333.0,1384
6962,ZHANG DAOCAI,1334.0,1385
5495,zhANG XUANSONG,1335.0,1386
5314,zHENG YUEwen,1336.0,1387
4295,zhou XIAOGUAng,1337.0,1388
9909,susanne ziMMERMANN VON SIEfart ,1338.0,1389
7391,aras AGAlarov,1339.0,1390
3796,mauriCE ALTer,1340.0,1391
9397,an KANG,1341.0,1392
1776,alex BEARd,1342.0,1393
2337,nicolas BERGGRUEN,1343.0,1394
6480,VLADIMIR BOGDANov,1344.0,1395
3516,julIO BOZAno,1345.0,1396
9778,anna MARIA braun,1346.0,1397
4502,JOHANNA BRAUN,1347.0,1398
7765,karl friEDRICH BRAUn,1348.0,1399
5958,anaND BUrman,1349.0,1400
3530,EDOUARD CARmignac,1350.0,1401
1814,cHEN JIANHUA,1351.0,1402
8942,CHEUNG yan,1352.0,1403
5810,chuNG MONG-joon,1353.0,1404
6617,jacK COWIN,1354.0,1405
8749,cui GENLIANG,1355.0,1406
1683,koMMER Damen,1356.0,1407
4240,dieGO DELLA VALLE,1357.0,1408
4464,dou ZHENGGANG,1358.0,1409
7537,n. murraY EDWards,1359.0,1410
6653,gabriel ESCARREr,1360.0,1411
2005,clEMENT Fayat,1361.0,1412
4650,james FRANCE,1362.0,1413
4332,senapathY GOPALAKRISHNan,1363.0,1414
3233,dAVID HARDINg,1364.0,1415
1498,sTEWART Horejsi,1365.0,1416
2048,huaNG QISen,1366.0,1417
5170,HAMILTON JAMEs,1367.0,1418
7725,john KApoor,1368.0,1419
9889,willIAM Lauder,1369.0,1420
9539,lI ZONGsong,1370.0,1421
5317,willY MICHel,1371.0,1422
9007,masaHIRO Noda,1372.0,1423
9378,gregorIO PEREZ Companc,1373.0,1424
4678,lindA PRITZKER,1374.0,1425
3035,QIN HUI,1375.0,1426
3413,maTTHIAS REInhart,1376.0,1427
9934,brian ROBERTS,1377.0,1428
2175,alberto ROEMmers,1378.0,1429
3344,GERALD SCHwartz,1379.0,1430
5876,THAKSIN SHInawatra,1380.0,1431
3546,williAM stone,1381.0,1432
5048,peTTER STORDAlen,1382.0,1433
5229,JULIA STOSCHEk,1383.0,1434
6368,mAXIMILIAN STOSchek,1384.0,1435
5462,sUN SHOUKUAN,1385.0,1436
2129,ba duONG TRan,1386.0,1437
2130,hAMDI ULukaya,1387.0,1438
7425,wong LUEN Hei,1388.0,1439
2632,wu YULAN,1389.0,1440
5228,xu HAng,1390.0,1441
8440,yaNG ERZhu,1391.0,1442
4596,yao kuIZHANG,1392.0,1443
8133,sheng jiAN zhong,1393.0,1444
6763,marCEL Adams,1394.0,1445
4350,"herbert ALLEn, jr.",1395.0,1446
1959,michAEL AShcroft,1396.0,1447
7591,roMAN AVDeev,1397.0,1448
5551,emilio azcARRAGA JEan,1398.0,1449
8121,sEZAI BACAKSIZ,1399.0,1450
1769,leslEY BAMBerger,1400.0,1451
4802,angela BENNETT,1401.0,1452
2087,hubertus BENTEler,1402.0,1453
2293,ludwig tHEODOR BRAun,1403.0,1454
3888,nICOLA BULGARI,1404.0,1455
6151,paoLO BULGARI,1405.0,1456
8284,cHEN DEjun,1406.0,1457
6203,TONY Chen,1407.0,1458
1807,cheN XUELI,1408.0,1459
5253,luigi CREMONINI,1409.0,1460
6992,domiNIQUE DEsseigne,1410.0,1461
2128,sefik yiLMAZ DIZDAR,1411.0,1462
6008,doMENICO DOLCe,1412.0,1463
1806,paVEL DUROv,1413.0,1464
6732,john FARBEr,1414.0,1465
2804,roberT FISHER,1415.0,1466
4589,wILLIAM FISher,1416.0,1467
9333,steFANO GABBANa,1417.0,1468
3128,rolf GERLing,1418.0,1469
2912,sergE GOdin,1419.0,1470
9732,sergeI GORDeev,1420.0,1471
4576,MEHMET NAZIF gunal,1421.0,1472
9530,yusuf HAMied,1422.0,1473
7288,gerry HARVEY,1423.0,1474
5312,tiMOTHY HEAdington,1424.0,1475
9791,huanG CHULONG,1425.0,1476
2239,HUO QINGhua,1426.0,1477
9989,deveNDRA Jain,1427.0,1478
7437,jianG YIntai,1428.0,1479
7554,"jim jUSTICE, ii.",1429.0,1480
1138,kim JUN-ki,1430.0,1481
7059,wILLIAM KOCH,1431.0,1482
8506,ANTHONY LANGLEY,1432.0,1483
6955,marc LAsry,1433.0,1484
1595,peter lEIbinger,1434.0,1485
2228,reginE LEIBINger,1435.0,1486
3639,li SAN YIm,1436.0,1487
6567,dAVID LICHTENSTEin,1437.0,1488
8393,lim OON KUIn,1438.0,1489
4968,lIU MING CHUNG,1439.0,1490
6504,ma XIUHui,1440.0,1491
6418,pRAYUDH MAHAGITSiri,1441.0,1492
1878,anaND MAHINdra,1442.0,1493
6210,kishore MAriwala,1443.0,1494
2765,craIG MCCAw,1444.0,1495
1398,miguel MCKELVEY,1445.0,1496
3769,vincent MCMAHOn,1446.0,1497
9930,daviD MCMURTry,1447.0,1498
3849,gary MICHELSON,1448.0,1499
1338,maSSIMO MORAtti,1449.0,1500
3334,FARHAD MOSHIri,1450.0,1501
9676,jerRY MOYES,1451.0,1502
1413,chaRLES Munger,1452.0,1503
5370,kerR NEILSON,1453.0,1504
7643,ou zONGRONG,1454.0,1505
3549,nIHAT OZDEmir,1455.0,1506
3726,pan wEIMINg,1456.0,1507
3461,paRK YEON-cha,1457.0,1508
1457,nelsoN PELTZ,1458.0,1509
5533,roger PENSKE,1459.0,1510
6727,qi JINXING,1460.0,1511
5910,qi SHi,1461.0,1512
1992,theODORE RAchmat,1462.0,1513
9621,juan marIA RIBERAS MERa,1463.0,1514
2109,vijay SHEKHAR SHarma,1464.0,1515
3094,konsTANTIN STRUKov,1465.0,1516
7678,hENRY SWIeca,1466.0,1517
3201,wicHAI THONGTANg,1467.0,1518
8800,torsteN Toeller,1468.0,1519
8838,ROMAN TROTSEnko,1469.0,1520
6192,todD WAgner,1470.0,1521
1569,wANG CHAObin,1471.0,1522
8767,wANG YANQing,1472.0,1523
3322,john WHITtaker,1473.0,1524
4621,wu guANGMING,1474.0,1525
4513,xu QIMING,1475.0,1526
2605,zhanG XIAOJUAN,1476.0,1527
4565,melih ABDULHAYOGLU,1477.0,1528
9877,radhE SHYAM AGArwal,1478.0,1529
9995,mohaMED AL fayed,1479.0,1530
9591,faisal biN QASSIM AL Thani,1480.0,1531
8542,william F. austin,1481.0,1532
2504,louis BACOn,1482.0,1533
2064,achaL BAKEri,1483.0,1534
3153,othman BENJELLOUN,1484.0,1535
5246,williaM BERKLEY,1485.0,1536
6399,aneeL BHusri,1486.0,1537
7572,o. franCIS BIONDI,1487.0,1538
7147,johN BLOor,1488.0,1539
2779,david BOOTH,1489.0,1540
9599,cai weNSheng,1490.0,1541
7990,AHMET CALIK,1491.0,1542
5259,MICHEL CHALHOUB,1492.0,1543
8299,chen XIAOYing,1493.0,1544
2887,cho JUNG-HO,1494.0,1545
6888,turgaY CIner,1495.0,1546
1588,sTEVE CONINe,1496.0,1547
6007,jacQUES D'AMOurs,1497.0,1548
1424,robERT DEFAREs,1498.0,1549
9828,alexanDER DZHAparidze,1499.0,1550
8434,stepheN FEInberg,1500.0,1551
2921,paul FOSTer,1501.0,1552
5460,mARIO GABELLi,1502.0,1553
1858,marcos GALPerin,1503.0,1554
5672,RADHE SHYAM GOENKA,1504.0,1555
9788,christOPHER GOLDsbury,1505.0,1556
2407,sTELIOS HAJI-Ioannou,1506.0,1557
1528,ilkka HERlin,1507.0,1558
3584,brian HIggins,1508.0,1559
3044,stephen JARISLOWSKY,1509.0,1560
4289,micHAEL JORDAN,1510.0,1561
3084,kENJI KASAHAra,1511.0,1562
4203,kiM TAEK-JIN,1512.0,1563
7210,EDWARD LAmpert,1513.0,1564
9018,thomAS lau,1514.0,1565
3786,tHAI LEE,1515.0,1566
7653,lei jUFANG,1516.0,1567
5733,li LI,1517.0,1568
5331,li LIUFA,1518.0,1569
9151,liU HANYUAn,1519.0,1570
8425,pier luigI LORO PIANa,1520.0,1571
2464,billy JOE (RED) MCCOMBS,1521.0,1572
7689,gian MARCO MORATti,1522.0,1573
5157,manUEL Moroun,1523.0,1574
3666,robert MOUAWAd,1524.0,1575
8033,MARIUS NAcht,1525.0,1576
2026,ni ZUGen,1526.0,1577
9940,lirio PARISOTTO,1527.0,1578
1399,karl-JOHAN PERsson,1528.0,1579
3774,tom PERSson,1529.0,1580
1098,dmitrY PUMpyansky,1530.0,1581
8787,ruaN SHUILOng,1531.0,1582
6791,jeAN SALATA,1532.0,1583
6675,SHERYL SANDberg,1533.0,1584
1633,niraJ SHAH,1534.0,1585
5059,shIN DONG-GUk,1535.0,1586
9866,ben sILBERmann,1536.0,1587
9113,charlottE SODERSTrom,1537.0,1588
4635,thomaS STeyer,1538.0,1589
2062,su weIZHOng,1539.0,1590
3159,daviD TEOH,1540.0,1591
4466,waNG JINSHu,1541.0,1592
2958,wang YAOhai,1542.0,1593
8885,chaRLOTTE COLKET WEBer,1543.0,1594
4042,WEI ING-CHOU,1544.0,1595
6575,yiN-CHUN WEI,1545.0,1596
4342,WEI YIN-HENG,1546.0,1597
2534,wei yinG-CHIAO,1547.0,1598
7909,richaRD WHITE,1548.0,1599
2422,allAN WONg,1549.0,1600
6323,woNG KWONG yu,1550.0,1601
4384,wu JIANShu,1551.0,1602
5292,wu XU,1552.0,1603
7279,wu xUSHUN,1553.0,1604
2693,luIS ENRIQUE yarur rey,1554.0,1605
7139,albERT YEUng,1555.0,1606
6280,yU ROng,1556.0,1607
9086,KOSTYANTIN ZHEVAGO,1557.0,1608
1880,zhou CHENGJIAn,1558.0,1609
9016,ZHOU YAOTING,1559.0,1610
6939,ZHUANG KUILONG,1560.0,1611
7513,jose joaO ABDALla filho,1561.0,1612
8163,khalifa bin BUTTI al muhairi,1562.0,1613
6726,FOLORUNSHO ALAKIja,1563.0,1614
6173,bill ALFOND,1564.0,1615
5310,suSAN ALFOnd,1565.0,1616
9189,tED ALFOND,1566.0,1617
4592,JOY ALUKkas,1567.0,1618
7855,andrey ANDREEV,1568.0,1619
2193,carol jenKINS BARNETT,1569.0,1620
3607,oleg BOYko,1570.0,1621
1518,ana maria bRESCia cafferata,1571.0,1622
4175,binoD CHAUdhary,1572.0,1623
9655,che feNGSHENg,1573.0,1624
5208,chen QINGZHOU,1574.0,1625
8700,richARD DESmond,1575.0,1626
5081,mohamMED DEWji,1576.0,1627
1027,caRL DOUglas,1577.0,1628
8110,eriC DOUGLas,1578.0,1629
7229,bulent eCZACIBasi,1579.0,1630
2214,faRUK ECZACibasi,1580.0,1631
1705,maRTHA Ford,1581.0,1632
1133,yasuhiro FUKUshima,1582.0,1633
9590,rEINOLD GEIger,1583.0,1634
8555,saad HARIRI,1584.0,1635
5705,RICHARD HAYNE,1585.0,1636
4572,ilona HERLIN,1586.0,1637
4949,asok kumar HIRANANdani,1587.0,1638
8433,niranjAN HIRANANDANI,1588.0,1639
4895,hUANG QIAoling,1589.0,1640
8104,huang zHUANGmian,1590.0,1641
2737,hAL JACKman,1591.0,1642
4676,anurANG Jain,1592.0,1643
7829,keeree KANJANApas,1593.0,1644
6592,kim naM-JUNG,1594.0,1645
7316,seth KLARMAN,1595.0,1646
4383,alexandeR KLYAChin,1596.0,1647
5348,yuriy KOSIuk,1597.0,1648
7438,miguel KRIGSNER,1598.0,1649
7325,LEE YIN yee,1599.0,1650
1435,nicola leibiNGER-KAMMUeller,1600.0,1651
1187,LI WEIWEi,1601.0,1652
6185,williAM Li,1602.0,1653
6801,li YIHai,1603.0,1654
8781,LI YONg,1604.0,1655
1883,lin miNG-HSIUNG,1605.0,1656
9492,lOU ZHONGFU,1606.0,1657
3955,LOW TUCK KWOng,1607.0,1658
9862,p.N.C. MENON,1608.0,1659
4803,thOMAS MEYer,1609.0,1660
5800,eZRA NAhmad,1610.0,1661
6950,juditH NEILSon,1611.0,1662
1938,madeleine OLSSON ERICKsson,1612.0,1663
8569,OU ZONGhong,1613.0,1664
3637,eREN OZMEn,1614.0,1665
2038,fATIH OZMen,1615.0,1666
6487,jose ISAAC PERES,1616.0,1667
7576,mark PINCUs,1617.0,1668
6390,keviN PLANK,1618.0,1669
1886,"nicholas prITZKER, ii.",1619.0,1670
5131,QUE WENBin,1620.0,1671
3376,jorge rodrIGUEZ RODriguez,1621.0,1672
6848,nobutADA Saji,1622.0,1673
6136,thoMAS SANDELl,1623.0,1674
9652,eDDY KUSNADI SAriaatmadja,1624.0,1675
4035,fayEZ SArofim,1625.0,1676
8937,mONIKA SCHOeller,1626.0,1677
1721,anTONIO LUIZ SEABRa,1627.0,1678
9208,yuri SHEFLER,1628.0,1679
7433,rAJJU SHRoff,1629.0,1680
5634,franK STRONACH,1630.0,1681
5350,keVIN SYstrom,1631.0,1682
6806,taNG HSIANG-Chien,1632.0,1683
3496,tanG JIAnfang,1633.0,1684
6023,niNG Tang,1634.0,1685
3439,jim THOMPSon,1635.0,1686
5986,joNATHAN TISCH,1636.0,1687
8107,kENNETH Tuchman,1637.0,1688
9308,wim van DER LEEGTE,1638.0,1689
4868,shamshEER vayalil,1639.0,1690
1308,thongma vIJITPOngpun,1640.0,1691
2995,arkADY VOlozh,1641.0,1692
4385,stefan VON HOLTZBrinck,1642.0,1693
7859,wang JIUFANG,1643.0,1694
2858,wong HONG KIng,1644.0,1695
5585,ian WOOD,1645.0,1696
3661,xIAO CHUNHONg,1646.0,1697
6587,jaCKY Xu,1647.0,1698
6904,zHANG HONGwei,1648.0,1699
5916,zhaNG TAO,1649.0,1700
9665,ANU AGA,1650.0,1701
5509,fARKHAD AKHMEDOv,1651.0,1702
4300,ALBERTO ALcocer,1652.0,1703
4559,bassam ALGHANIm,1653.0,1704
7202,kutayba ALGHANIM,1654.0,1705
1225,alexaNDRA ANDResen,1655.0,1706
4482,katharINA Andresen,1656.0,1707
6963,vASILY ANISimov,1657.0,1708
2250,MORI ARkin,1658.0,1709
7208,nigel AUSTIN,1659.0,1710
8561,kriSHNA KUMAR BANGUR,1660.0,1711
3749,hERB CHAmbers,1661.0,1712
1644,r.g. CHANDRAMOgan,1662.0,1713
2097,chang pYUNG-SOON,1663.0,1714
4045,chao TENG-hsiung,1664.0,1715
4224,chen LIYING,1665.0,1716
8154,chen TIANqiao,1666.0,1717
4942,henRY CHENG,1667.0,1718
7575,CHEY KI-WOn,1668.0,1719
6708,chI YUFeng,1669.0,1720
6433,chua thIAN POH,1670.0,1721
4200,cHUNG YONG-JIn,1671.0,1722
7019,cIPUTRa,1672.0,1723
6366,ALBERTO CORTina,1673.0,1724
4190,"robert COYIUTO, JR.",1674.0,1725
6723,marIA DEL PINO Y CALVO-SOtelo,1675.0,1726
6778,K. DINESH,1676.0,1727
3345,DU WEIMIn,1677.0,1728
8594,johN EDSON,1678.0,1729
5190,david EINhorn,1679.0,1730
2536,BOB Ell,1680.0,1731
9589,gary FEGel,1681.0,1732
5321,vicTOR FUNG,1682.0,1733
5994,wilLIAM Fung,1683.0,1734
4864,ALAN GERRy,1684.0,1735
7574,balkRISHAN GOENKA,1685.0,1736
5553,polys HAJI-IOANNOu,1686.0,1737
9894,mehmeT HATTAT,1687.0,1738
2888,j. tomILSON hill,1688.0,1739
7423,EDUARDO HOCHSCHild,1689.0,1740
9872,hoi kIN Hong,1690.0,1741
8568,hur yOUNG-in,1691.0,1742
3782,gEORGE JOSEPh,1692.0,1743
3498,roNALD JOYce,1693.0,1744
8087,t.S. KALYANAraman,1694.0,1745
7148,nimesH KAMPANI,1695.0,1746
9573,eugene KASPERSKy,1696.0,1747
5330,vikTOR KHARITONIn,1697.0,1748
4883,pyotr koNDrashev,1698.0,1749
3802,yurI KOVALChuk,1699.0,1750
8055,kagemASA KOzuki,1700.0,1751
6050,michAEL Krasny,1701.0,1752
9545,james LEIninger,1702.0,1753
1866,LI GUOQIANG,1703.0,1754
6633,li LIANgbin,1704.0,1755
5236,liU KO-CHEN,1705.0,1756
9404,anATOLY LOMAkin,1706.0,1757
4549,ma HONG,1707.0,1758
7614,gary mAGNESS,1708.0,1759
2968,youssef MAnsour,1709.0,1760
8807,strive MASiyiwa,1710.0,1761
2808,DARIUSZ MILEK,1711.0,1762
8034,naN CUNHUi,1712.0,1763
4734,dinESH NAndwana,1713.0,1764
1121,oei HONG LEong,1714.0,1765
9429,rUBENS OMETTO SILVEIRA MELLo,1715.0,1766
5801,OU XUEMINg,1716.0,1767
8221,MARKUS PERSSON,1717.0,1768
1591,vICTOR PINchuk,1718.0,1769
6694,alBERTO prada,1719.0,1770
6142,mARINA Prada,1720.0,1771
9223,FORREST PRESton,1721.0,1772
8075,jeRRY REINSDOrf,1722.0,1773
4542,feRNANDO ROIG,1723.0,1774
7706,subhASH RUNwal,1724.0,1775
8515,yoshiyuKI SANKAi,1725.0,1776
9427,kirILL SHAmalov,1726.0,1777
8645,shin dONG-BIN,1727.0,1778
8047,evgenY (EUGENE) SHVIDLEr,1728.0,1779
7091,jasmindER singh,1729.0,1780
8140,martua SITORUs,1730.0,1781
6715,peteR SPErling,1731.0,1782
5152,jerzY STARAk,1732.0,1783
3944,manny STul,1733.0,1784
7938,su RUBO,1734.0,1785
7150,fUAT TOSYALI,1735.0,1786
7190,kENNY TROUTT,1736.0,1787
6825,rufino vIGIL GONZALEZ,1737.0,1788
9966,wANG JIANFENG,1738.0,1789
7932,wang JING,1739.0,1790
1367,wang QUNBIn,1740.0,1791
9435,dan WIlks,1741.0,1792
5859,farrIS Wilks,1742.0,1793
8079,thomAS Wu,1743.0,1794
6788,yi ZHENg,1744.0,1795
7878,yuan FUGen,1745.0,1796
8360,"richard YUENGLING, jr.",1746.0,1797
8707,gavril YUSHVaev,1747.0,1798
4167,zeng kAITIan,1748.0,1799
3853,zhanG WAnzhen,1749.0,1800
2202,zhaNG YUBAi,1750.0,1801
6554,chanGPENG zhao,1751.0,1802
1401,zHOU YIfeng,1752.0,1803
3869,zhoU YOngli,1753.0,1804
5408,zhu WENCHEN,1754.0,1805
4242,ahmet NAZIF ZORlu,1755.0,1806
7751,len aiNSWOrth,1756.0,1807
3597,eDMUND Ansin,1757.0,1808
5968,markus BLOCHer,1758.0,1809
4904,leoniD BOGUSLAVSKy,1759.0,1810
6975,jorgE HORACio brito,1760.0,1811
2186,saket BUrman,1761.0,1812
1761,stEVE CASE,1762.0,1813
8802,jeFFREY cheah,1763.0,1814
1197,brUCE CHeng,1764.0,1815
8743,chenG XIANFEng,1765.0,1816
4992,ivaN CHRENko,1766.0,1817
5104,eduarDO COjuangco,1767.0,1818
1394,brunello CUCINElli,1768.0,1819
5917,darwiN DEASON,1769.0,1820
3353,anDREA DELLA Valle,1770.0,1821
2473,jamie Dimon,1771.0,1822
8368,CHARLES DUNSTONE,1772.0,1823
4129,bruce FLATT,1773.0,1824
7021,fu MEICHeng,1774.0,1825
3346,soiCHIRO FUKutake,1775.0,1826
5382,don GAO,1776.0,1827
1696,gaO YUNfeng,1777.0,1828
8905,anNE GITTINGEr,1778.0,1829
9056,cleliA HAJI-IOannou,1779.0,1830
9640,john HANCOCk,1780.0,1831
5183,ronneN HARAry,1781.0,1832
9578,aymAN HARIRi,1782.0,1833
2018,FAHD HAriri,1783.0,1834
6868,surendRA HIRANAndani,1784.0,1835
6556,alaN HOWARD,1785.0,1836
8022,hu KEQIN,1786.0,1837
7657,archie HWANg,1787.0,1838
9469,irwiN JACOBS,1788.0,1839
7366,mitchell Jacobson,1789.0,1840
8347,RANA KApoor,1790.0,1841
1563,aleXANDER KARP,1791.0,1842
6500,ragHUVINDER kataria,1792.0,1843
5694,habIL KHORakiwala,1793.0,1844
9885,sidneY Kimmel,1794.0,1845
8188,andRE KOo,1795.0,1846
8611,koO BON-NEung,1796.0,1847
4255,ANDREI KOSOGov,1797.0,1848
5883,lee HO-jin,1798.0,1849
9512,solOMON lew,1799.0,1850
6291,rODNEY LEWis,1800.0,1851
1178,li jiAQUAN,1801.0,1852
8766,lin FANLIAn,1802.0,1853
5489,lin JIANhua,1803.0,1854
7472,LIN TIANFU,1804.0,1855
9646,louise LIndh,1805.0,1856
1186,liu BAOLIn,1806.0,1857
7331,josE LLADO FERNANDEZ-urrutia,1807.0,1858
1352,LU DI,1808.0,1859
6359,"cargill macMILLAN, iii.",1809.0,1860
8157,john MACMILLAN,1810.0,1861
8796,MARTHA MACmillan,1811.0,1862
9322,WILLIAM MACMILlan,1812.0,1863
5851,katarinA MArtinson,1813.0,1864
4915,cRAIG NEWMARK,1814.0,1865
4398,brucE NORDStrom,1815.0,1866
1969,pieRRE KARL Péladeau,1816.0,1867
7972,daviD PENALOZA alanis,1817.0,1868
9961,andreAS POhl,1818.0,1869
7227,"reINFRIED POHL, jr.",1819.0,1870
5404,MAHENDRA Prasad,1820.0,1871
4891,antoN RABIE,1821.0,1872
9717,bIANCA RINEhart,1822.0,1873
8813,ginia rINEHART,1823.0,1874
3255,alexanDER ROVT,1824.0,1875
3301,lily SAfra,1825.0,1876
8640,deniz SAHENK,1826.0,1877
5313,karin SCHICk,1827.0,1878
4088,leoNARD SChleifer,1828.0,1879
5100,dieter SCHNABEl,1829.0,1880
5391,bhadrESH SHAH,1830.0,1881
7188,sHAO QINXIANg,1831.0,1882
2020,eriC YA shen,1832.0,1883
9825,nobutoshI SHIMamura,1833.0,1884
6935,shUM CHIU HUNG,1834.0,1885
1125,helmUT SOHMen,1835.0,1886
9273,sun qiNGHUAN,1836.0,1887
3214,suN YINHUAN,1837.0,1888
6714,djoko SUSANTO,1838.0,1889
3426,EROL TABANCa,1839.0,1890
5843,aleXANDER TEDJA,1840.0,1891
8608,WILMA TIsch,1841.0,1892
3477,ayhan TOSYALI,1842.0,1893
2158,faTIH TOSYALi,1843.0,1894
9835,trAN DINH LOng,1844.0,1895
1648,TSAI MING-kai,1845.0,1896
1855,pavel Tykac,1846.0,1897
2300,JAYSHREE ULLal,1847.0,1898
1550,wan LONG,1848.0,1899
9844,wang MUQINg,1849.0,1900
5828,wanG YONG,1850.0,1901
6815,HOPE WELKER,1851.0,1902
4945,wen YIBO,1852.0,1903
3932,stEPHEN T. winn,1853.0,1904
3523,GORDON Wu,1854.0,1905
9270,WU LANLAn,1855.0,1906
4848,XU ZIQUAn,1856.0,1907
8884,yANG MEIRONG,1857.0,1908
8493,yanG TINgdong,1858.0,1909
7719,yoU XIAOPING,1859.0,1910
1706,YU PEIDi,1860.0,1911
4732,yU QIBing,1861.0,1912
3837,yU YUNXin,1862.0,1913
2865,zan SHEngda,1863.0,1914
8956,zHANG GUIPING,1864.0,1915
9759,zhao WEIguo,1865.0,1916
6698,zhENG JIANJiang,1866.0,1917
9879,hamad bin JASSIM BIN JABER Al thani,1867.0,1918
8566,fawzI AL-KHarafi,1868.0,1919
5149,mohannad AL-KHARAFI,1869.0,1920
8320,isak ANdic,1870.0,1921
6523,MARC ANDREESSEN,1871.0,1922
7782,jose marIA ARISTrain,1872.0,1923
3727,THOMAS BAILEY,1873.0,1924
6919,harindARPAL BANGA,1874.0,1925
5807,eLENA BATURina,1875.0,1926
8252,eduardo belMONT ANderson,1876.0,1927
2636,tomasz BIERNACKI,1877.0,1928
5977,zaDIK BINO,1878.0,1929
6907,bRETT BLUndy,1879.0,1930
6305,henaDIY BOHolyubov,1880.0,1931
7779,chaRLES BRANDES,1881.0,1932
3285,amit BURMan,1882.0,1933
2776,cai DONGQING,1883.0,1934
6262,cHEN Bo,1884.0,1935
4051,chenG WEI,1885.0,1936
1392,phongtHEP CHIaravanont,1886.0,1937
6138,kocHOUSEPH CHITTilappilly,1887.0,1938
6432,cHU JInfu,1888.0,1939
2875,eduardO COSTANtini,1889.0,1940
1868,sol dAURella,1890.0,1941
3176,philiP day,1891.0,1942
1376,d. leopoldo del pINO Y calvo-sotelo,1892.0,1943
3833,norbeRT DENTRESsangle,1893.0,1944
2430,bedA DIETHELm,1894.0,1945
7378,mark DIXON,1895.0,1946
5809,heNRY ENGElhardt,1896.0,1947
2955,FANG HONgbo,1897.0,1948
8271,gleb FETISOV,1898.0,1949
9414,DONALD FOSs,1899.0,1950
1797,robeRT FRIEDland,1900.0,1951
1701,dONALD FRIese,1901.0,1952
9003,FU GUANGming,1902.0,1953
2248,dan gERTler,1903.0,1954
9413,deNNIS GIllings,1904.0,1955
8981,ryAN GRAVES,1905.0,1956
4100,GU WEI,1906.0,1957
1058,alfREDO HArp helu,1907.0,1958
8893,gudruN HEINe,1908.0,1959
1462,FRANCIS Holder,1909.0,1960
1740,hoNG SEOk-joh,1910.0,1961
9002,dougLAS hsu,1911.0,1962
9595,huaNG JIANRONg,1912.0,1963
4016,"b. wayne hUGhes, jr.",1913.0,1964
5987,daiSY Igel,1914.0,1965
7890,tHOMAS JAMes,1915.0,1966
5923,jiang GANJUn,1916.0,1967
6757,jiang ZHAOBAI,1917.0,1968
6458,jiN HUIMING,1918.0,1969
6573,ajay KALsi,1919.0,1970
9222,helga keLLERhals,1920.0,1971
9372,king PAk fu,1921.0,1972
1567,sERGEI KOLESNIKov,1922.0,1973
5020,hEMENDRA KOTHARI,1923.0,1974
6834,eiicHI KURIWADA,1924.0,1975
8923,guy LALIBErté,1925.0,1976
8762,lee HAE-JIN,1926.0,1977
1918,michael LEE-chin,1927.0,1978
4459,lI GUANgyu,1928.0,1979
7478,li JUN,1929.0,1980
2200,LI RUCHEng,1930.0,1981
1372,lI XUHui,1931.0,1982
1173,lim WEE chai,1932.0,1983
1932,liu JIAng,1933.0,1984
7468,liu XUEJING,1934.0,1985
8479,liu zHENGUO,1935.0,1986
4052,lo KA SHUI,1936.0,1987
9249,lo SIU-Tong,1937.0,1988
1156,tobI LUTke,1938.0,1989
5164,mA YUNSHENg,1939.0,1990
9408,ziyaVUDIN MAGOMEdov,1940.0,1991
1799,ana mARIA MARCONDES PENIDO SANT'Anna,1941.0,1992
4286,tereNCE (TERRY) MATthews,1942.0,1993
2535,gaiL MILLER,1943.0,1994
7088,andreI MOLCHANOV,1944.0,1995
8764,nI ZHAOXing,1945.0,1996
2067,kentarO ogawa,1946.0,1997
8080,erik pAULsson,1947.0,1998
3662,PENG HAo,1948.0,1999
2197,stefAN PIERER,1949.0,2000
2003,miCHAEL PRICE,1950.0,2001
1756,clayTON RIDDELl,1951.0,2002
4487,boris ROTENBerg,1952.0,2003
7683,igor rYBAKOV,1953.0,2004
3456,stEPHEN SAad,1954.0,2005
2649,k. raI SAhi,1955.0,2006
4495,airat sHAimiev,1956.0,2007
2152,radIK SHAIMIev,1957.0,2008
2285,shaNG JIYONG,1958.0,2009
3291,MIKHAIL SHELkov,1959.0,2010
5867,s.D. SHIBULAL,1960.0,2011
5215,roN SIM,1961.0,2012
4439,leoNID SIMANOVSKY,1962.0,2013
3862,BASUDEO SINGH,1963.0,2014
8083,sampRADA SINgh,1964.0,2015
1459,terRY SNOw,1965.0,2016
8571,LYNSI SNYDER,1966.0,2017
6058,sybiLL Storz,1967.0,2018
1379,hARJO SUTANTO,1968.0,2019
2125,yoshiKAZU TANAKA,1969.0,2020
3048,mehmet sINAN TAra,1970.0,2021
5619,riT THIRAkomen,1971.0,2022
6286,tian MIng,1972.0,2023
2972,ion tIRIAc,1973.0,2024
8735,iVAR TOLLEfsen,1974.0,2025
6488,mustafA LATIF TOPBAS,1975.0,2026
9648,thomAS TULL,1976.0,2027
9014,john VAN LIESHOut,1977.0,2028
6525,wANG HAn,1978.0,2029
5470,WANG JUNJIn,1979.0,2030
5562,wanG WENBIAO,1980.0,2031
8123,"alfred wEST, jr.",1981.0,2032
5169,WU DAOHong,1982.0,2033
8363,wu yILIng,1983.0,2034
3313,xiu LAIgui,1984.0,2035
9393,XU XIONg,1985.0,2036
5624,XU XUDONG,1986.0,2037
5144,XUE HUA,1987.0,2038
5904,vadim YAkunin,1988.0,2039
2203,yan YUDE,1989.0,2040
7169,yanG KENG,1990.0,2041
2167,yanG SHAopeng,1991.0,2042
4920,zhanG CHENG FEI,1992.0,2043
5774,zhaNG JINGZHANG,1993.0,2044
2990,zhaNG KEQIang,1994.0,2045
2930,ZHANG XUANNING,1995.0,2046
8546,ZHANG ZHANGSUn,1996.0,2047
3518,zHOU BAjin,1997.0,2048
3245,zhou WEnyu,1998.0,2049
8418,wilLIAM ACKMAN,1999.0,2050
3558,SOEGIARTO ADIKOESOEMO,2000.0,2051
3047,alI IBRAHIM agaoglu,2001.0,2052
6790,hAMDI AKIN,2002.0,2053
6629,CHIRAYU AMIn,2003.0,2054
4317,meHMET AYDINlar,2004.0,2055
7203,emaNUELLA BArilla,2005.0,2056
4615,gUIDO BARILLa,2006.0,2057
2685,luCA BARILLA,2007.0,2058
9693,paolo BARIlla,2008.0,2059
4315,mehmet ruSTU basaran,2009.0,2060
6925,J. HYATT brown,2010.0,2061
5770,bu YANg,2011.0,2062
7822,hiDEYUKI BUSUJima,2012.0,2063
1536,CAI RONGJun,2013.0,2064
4655,cai xIAORU,2014.0,2065
9849,delfiN JORGE EZEQUIEL CARBALLO,2015.0,2066
4331,CHEN JInshi,2016.0,2067
7979,chen QIXing,2017.0,2068
2294,chen SHILIANG,2018.0,2069
5136,cHEN XIAXIN,2019.0,2070
5124,manaS CHIARAVANond,2020.0,2071
7721,yupa chiARAVANOND,2021.0,2072
7843,prathIP CHIRAVAnond,2022.0,2073
7664,guSTAVO CISneros,2023.0,2074
3069,sandor CSANYi,2024.0,2075
3243,cui LIJIE,2025.0,2076
8864,dang YANBAo,2026.0,2077
4335,bhaRAT DEsai,2027.0,2078
4580,joseph EDELMAN,2028.0,2079
6170,wolfgANG egger,2029.0,2080
3841,anDREI FILAtov,2030.0,2081
5357,PAUL FIREMAN,2031.0,2082
4658,j. christopHER FLOWERS,2032.0,2083
5465,fu KWan,2033.0,2084
5887,sheELA GAUTam,2034.0,2085
6557,drEW HOUSTON,2035.0,2086
1057,huaNG SHILIN,2036.0,2087
6332,hUANG WEN TSAI,2037.0,2088
7577,moHAMMED IBRAHim,2038.0,2089
6737,hiroshi ISHIBASHI,2039.0,2090
8630,benT JENSEn,2040.0,2091
9110,chatCHAI KAEWBootta,2041.0,2092
8711,jonaS KAMPRAd,2042.0,2093
3593,mathIAS KAMPRAD,2043.0,2094
2118,peter KAMPRAD,2044.0,2095
2313,mADHU KAPur,2045.0,2096
9757,rICHARD KAYne,2046.0,2097
8736,VLADIMIR KOGAn,2047.0,2098
4522,koH WEE Meng,2048.0,2099
8495,KOO BON-JOon,2049.0,2100
3656,lAM LUNG On,2050.0,2101
4515,isaac LARIan,2051.0,2102
9720,fRANK LAUKIEN,2052.0,2103
9675,lEE JOON-ho,2053.0,2104
5368,lEE SANG-HYUk,2054.0,2105
3141,nancy LERNer,2055.0,2106
5863,NORMA LERNer,2056.0,2107
5468,RANDOLPH LErner,2057.0,2108
6293,david XUELING li,2058.0,2109
7883,li TAN,2059.0,2110
6978,li WEIGUO,2060.0,2111
6060,LIANG FENG,2061.0,2112
3105,liang GUANGWEI,2062.0,2113
3459,liANG SHEzeng,2063.0,2114
7832,LIAO CHANG,2064.0,2115
7982,JENNY LINDÉN URnes,2065.0,2116
8920,liu zHENDONg,2066.0,2117
8814,liu zhIQIAng,2067.0,2118
6811,joNATHAN LU,2068.0,2119
2113,wILLIAM MACAULay,2069.0,2120
9037,jOHN MArtin,2070.0,2121
7444,yves-LOIC martin,2071.0,2122
6772,satish Mehta,2072.0,2123
2084,nikitA Mishin,2073.0,2124
4223,konstANTIN NIKOLAEv,2074.0,2125
8947,sIMON Nixon,2075.0,2126
7571,mICHAEL O'leary,2076.0,2127
6797,lioRA OFer,2077.0,2128
9245,roberTO ONGPIN,2078.0,2129
7960,niTI OSATHANugrah,2079.0,2130
5753,franK OTTO,2080.0,2131
1406,greTEL PACKER,2081.0,2132
4470,alBERTO PAlatchi,2082.0,2133
3052,pENG JIANhu,2083.0,2134
1729,lucY PEng,2084.0,2135
9190,andreI RAPpoport,2085.0,2136
6339,andreA REIMANN-CIardelli,2086.0,2137
9638,igor ROTENBERG,2087.0,2138
3175,alaN RYdge,2088.0,2139
4557,chrIS SACCa,2089.0,2140
7144,alexandER SAMWEr,2090.0,2141
3388,marc SAMWER,2091.0,2142
9319,oLIVER SAMWER,2092.0,2143
7296,neIL SHEn,2093.0,2144
1015,albert SHIGABOUTDINov,2094.0,2145
4216,sHIN DONG-JOO,2095.0,2146
7082,yosHIKO SHINohara,2096.0,2147
7951,aNALJIT SINGH,2097.0,2148
3422,stepHEN SMith,2098.0,2149
6312,michaEL STEinhardt,2099.0,2150
4083,sveiN STOLe,2100.0,2151
1611,rUSTEM SULTEEV,2101.0,2152
4341,julio pATRICIO supervielle,2102.0,2153
8114,min-LIANG tan,2103.0,2154
9187,haRY TANOESOedibjo,2104.0,2155
7746,sukanto TANoto,2105.0,2156
6161,tiong hIEW king,2106.0,2157
9082,lAURIE TISch,2107.0,2158
3951,steven TISch,2108.0,2159
2350,jameS TRUCHARD,2109.0,2160
4125,vardiS VARDINOYANNIs,2110.0,2161
8168,muRAT VArgi,2111.0,2162
1419,wan LIAnbu,2112.0,2163
4630,wang mIAOTOng,2113.0,2164
6421,wang ZHENGHUA,2114.0,2165
3566,wen jIANping,2115.0,2166
9071,myroN Wentz,2116.0,2167
6600,xia ZUOQUAN,2117.0,2168
7723,swiFT xie,2118.0,2169
2437,yao JINBO,2119.0,2170
1708,fatma TUBA YAZIci,2120.0,2171
9432,zhANG ZHIRONG,2121.0,2172
7099,zhAO YAN,2122.0,2173
7184,zhOU ZONgwen,2123.0,2174
9237,raamdeo AGRawal,2124.0,2175
7774,mauriziO BILLi,2125.0,2176
7446,sARA BLAKELY,2126.0,2177
4535,pete BODHARAMik,2127.0,2178
9226,cao kEJIAn,2128.0,2179
7870,MORRIS CHANg,2129.0,2180
5952,richarD CHAng,2130.0,2181
2318,chen jIANMing,2131.0,2182
8564,cHO YANG-RAI,2132.0,2183
5344,yvon CHOUINARD,2133.0,2184
8950,EDUARD CHUKHLEBOV,2134.0,2185
2719,jacK COCKWELl,2135.0,2186
3766,johN COLLIson,2136.0,2187
4114,patriCK COllison,2137.0,2188
3488,henRY DAVIs,2138.0,2189
2299,FRANCOIS Feuillet,2139.0,2190
7244,SUSUMU Fujita,2140.0,2191
1317,filarET GALChev,2141.0,2192
7674,YURI GUSHCHIn,2142.0,2193
5058,davID HALL,2143.0,2194
8063,he SIMo,2144.0,2195
7933,hon KWOK lung,2145.0,2196
5444,ELIE HORN,2146.0,2197
5056,huang BINgwen,2147.0,2198
6683,huang XIAOFEn,2148.0,2199
8693,masaYUKI ISHIHAra,2149.0,2200
9284,taRANG JAIN,2150.0,2201
3634,JIANG WEI,2151.0,2202
5959,jianG XUEfei,2152.0,2203
6678,daVID KABILLER,2153.0,2204
5989,mORRIS KAHN,2154.0,2205
6171,"anTON KATHREIN, JR.",2155.0,2206
4640,kim DAE-IL,2156.0,2207
8847,michAEL Kim,2157.0,2208
4603,ihoR KOLOMOYSKYy,2158.0,2209
9582,koo BON-sik,2159.0,2210
3232,igor kUDRYASHKIN,2160.0,2211
2013,leV KVETNOI,2161.0,2212
5786,theodore LEONsis,2162.0,2213
3045,lev LEVIEV,2163.0,2214
5573,liang ZHAOXIAN,2164.0,2215
2366,jOHN LIEw,2165.0,2216
8442,pAUL LITtle,2166.0,2217
3632,liU FUHAI,2167.0,2218
3550,liu JINCHeng,2168.0,2219
1130,liU SHAoxi,2169.0,2220
5022,lu wEIDING,2170.0,2221
8826,duncAN MACMillan,2171.0,2222
7170,geORGE MARCUS,2172.0,2223
9983,bernARDO matte,2173.0,2224
7102,elIODORO MAtte,2174.0,2225
1480,mi eNHUa,2175.0,2226
4311,LOWELL MILKEN,2176.0,2227
9279,nirmal MInda,2177.0,2228
6178,mARTIN NAUGHTOn,2178.0,2229
6878,vaDIM NOVINSKY,2179.0,2230
7743,sERGEI Petrov,2180.0,2231
5979,carolYN RAFAelian,2181.0,2232
7896,lawreNCE ROSsy,2182.0,2233
1825,ALICE SCHWartz,2183.0,2234
8817,martIN SElig,2184.0,2235
1307,satHIEN SETTHASit,2185.0,2236
6843,evan SHARp,2186.0,2237
8259,ravinDRA KISHOre sinha,2187.0,2238
3436,axeL STAWSki,2188.0,2239
4999,beny STEINMETZ,2189.0,2240
4291,dirk sTROEEr,2190.0,2241
5579,suN SHANGCHUAN,2191.0,2242
8246,sam taRASCio,2192.0,2243
9463,robERT TOLL,2193.0,2244
5003,suriN UPATKOOn,2194.0,2245
8970,ALEXANDER VIK,2195.0,2246
6094,peter-alexANDER WACKER,2196.0,2247
7908,WANG JIAnyi,2197.0,2248
9508,v. PREM WATsa,2198.0,2249
9742,SANDY WEILL,2199.0,2250
8496,wen peNGCHENg,2200.0,2251
9721,wu CHUNG-yi,2201.0,2252
5502,YANG JIAnxin,2202.0,2253
1174,yAO XINYi,2203.0,2254
1711,zhao xiAOQIang,2204.0,2255
3538,zhou LIANGZHang,2205.0,2256
7797,zHU XINGMing,2206.0,2257
3123,ZHUO JUN,2207.0,2258
7030,olguN ZORLU,2208.0,2259
